Price (Rs.),Discount (%),Final_Price(Rs.),Purchase_Year,Purchase_Month,Purchase_Day,Purchase_DayOfWeek,Purchase_IsWeekend,Category_Books,Category_Clothing,Category_Electronics,Category_Home & Kitchen,Category_Sports,Category_Toys,Payment_Method_Credit Card,Payment_Method_Debit Card,Payment_Method_Net Banking,Payment_Method_UPI
36.53,15,31.05,2024,11,12,1,0,0,0,0,0,1,0,0,0,1,0
232.79,20,186.23,2024,2,9,4,0,0,1,0,0,0,0,0,0,1,0
317.02,25,237.76,2024,9,1,6,1,0,0,0,0,1,0,1,0,0,0
173.19,25,129.89,2024,4,1,0,0,0,0,0,0,0,1,0,0,0,1
244.8,20,195.84,2024,9,27,4,0,0,0,0,0,0,0,0,0,1,0
241.86,50,120.93,2024,8,8,3,0,1,0,0,0,0,0,0,0,0,1
76.91,5,73.06,2024,3,28,3,0,0,0,0,0,0,1,1,0,0,0
213.23,20,170.58,2024,5,29,2,0,0,0,0,0,1,0,0,0,1,0
379.81,5,360.82,2024,2,26,0,0,0,0,0,0,1,0,1,0,0,0
415.36,50,207.68,2024,1,11,3,0,0,0,0,1,0,0,0,0,1,0
73.09,10,65.78,2024,10,21,0,0,1,0,0,0,0,0,0,0,0,0
393.77,15,334.7,2024,9,10,1,0,0,0,0,0,0,0,0,0,0,0
287.69,10,258.92,2024,3,8,4,0,0,0,0,1,0,0,1,0,0,0
26.26,50,13.13,2024,5,10,4,0,0,0,0,0,1,0,1,0,0,0
305.1,25,228.83,2024,6,20,3,0,0,1,0,0,0,0,0,0,0,1
113.71,5,108.02,2024,4,28,6,1,0,0,0,1,0,0,1,0,0,0
426.75,0,426.75,2024,8,17,5,1,0,0,0,0,0,1,0,0,1,0
52.98,0,52.98,2024,8,8,3,0,0,0,0,1,0,0,0,0,1,0
223.89,0,223.89,2024,6,13,3,0,0,0,1,0,0,0,0,0,0,0
166.75,0,166.75,2024,9,23,0,0,0,1,0,0,0,0,0,1,0,0
77.22,15,65.64,2024,6,1,5,1,0,0,0,1,0,0,0,0,0,0
28.6,25,21.45,2024,4,19,4,0,0,0,0,0,0,1,1,0,0,0
395.73,15,336.37,2024,11,7,3,0,1,0,0,0,0,0,0,0,0,0
351.87,0,351.87,2024,8,31,5,1,0,0,0,1,0,0,0,0,1,0
257.14,20,205.71,2024,9,14,5,1,0,0,0,0,0,1,0,0,1,0
332.0,20,265.6,2024,2,3,5,1,0,0,0,0,1,0,0,0,1,0
375.59,30,262.91,2024,4,14,6,1,0,0,0,0,0,1,0,0,1,0
235.13,25,176.35,2024,8,6,1,0,0,0,0,0,0,0,0,0,0,1
352.95,50,176.47,2024,8,5,0,0,0,0,1,0,0,0,0,0,0,1
245.98,15,209.08,2024,6,28,4,0,0,0,0,0,0,1,0,0,0,0
389.72,10,350.75,2024,4,22,0,0,0,0,0,0,0,1,0,1,0,0
88.07,30,61.65,2024,10,7,0,0,0,0,0,1,0,0,0,0,0,1
40.78,50,20.39,2024,3,20,2,0,0,0,0,0,0,0,0,0,0,0
105.1,25,78.82,2024,3,10,6,1,0,0,0,0,0,1,0,0,1,0
224.52,50,112.26,2024,5,21,1,0,0,0,0,1,0,0,0,1,0,0
300.81,5,285.77,2024,6,1,5,1,1,0,0,0,0,0,0,1,0,0
24.17,25,18.13,2024,1,15,0,0,0,0,0,0,0,1,1,0,0,0
95.41,15,81.1,2024,4,21,6,1,0,1,0,0,0,0,0,1,0,0
490.77,10,441.69,2024,8,3,5,1,0,1,0,0,0,0,0,0,0,1
188.07,50,94.03,2024,7,1,0,0,0,0,1,0,0,0,0,1,0,0
319.29,5,303.33,2024,2,20,1,0,0,0,0,1,0,0,1,0,0,0
403.4,10,363.06,2024,8,25,6,1,0,0,0,0,0,1,0,0,1,0
303.14,0,303.14,2024,5,17,4,0,0,0,1,0,0,0,0,1,0,0
337.81,25,253.36,2024,6,18,1,0,0,0,0,1,0,0,1,0,0,0
449.74,10,404.77,2024,9,15,6,1,0,1,0,0,0,0,0,0,0,0
272.92,30,191.04,2024,5,12,6,1,0,0,0,0,1,0,0,0,1,0
432.89,15,367.96,2024,2,25,6,1,0,0,0,1,0,0,1,0,0,0
310.86,10,279.77,2024,10,30,2,0,0,0,0,1,0,0,0,0,0,1
479.19,0,479.19,2024,8,11,6,1,0,0,0,0,0,0,0,1,0,0
350.61,10,315.55,2024,6,3,0,0,0,0,0,1,0,0,0,1,0,0
154.62,50,77.31,2024,10,8,1,0,1,0,0,0,0,0,0,0,1,0
435.6,50,217.8,2024,4,4,3,0,0,0,0,0,0,1,0,0,1,0
400.31,25,300.23,2024,8,3,5,1,0,0,0,0,0,1,0,0,1,0
15.81,25,11.86,2024,5,8,2,0,0,0,1,0,0,0,0,0,0,1
35.25,15,29.96,2024,1,11,3,0,0,0,0,0,0,1,0,0,0,1
414.76,0,414.76,2024,6,30,6,1,0,0,1,0,0,0,0,1,0,0
334.47,30,234.13,2024,8,25,6,1,0,0,0,0,0,1,0,1,0,0
178.39,25,133.79,2024,10,4,4,0,0,0,0,1,0,0,0,0,0,1
237.95,15,202.26,2024,10,22,1,0,1,0,0,0,0,0,0,0,1,0
458.12,15,389.4,2024,8,29,3,0,0,0,1,0,0,0,0,0,0,1
286.5,5,272.18,2024,8,10,5,1,0,0,0,0,0,0,1,0,0,0
10.78,10,9.7,2024,8,22,3,0,0,0,0,0,1,0,0,0,1,0
342.66,30,239.86,2024,7,24,2,0,0,0,0,0,0,0,0,0,0,1
225.17,30,157.62,2024,9,16,0,0,0,0,0,0,1,0,0,0,0,0
405.45,25,304.09,2024,7,18,3,0,0,1,0,0,0,0,0,0,0,1
112.45,0,112.45,2024,7,7,6,1,0,0,0,0,0,0,1,0,0,0
380.81,20,304.65,2024,4,1,0,0,1,0,0,0,0,0,1,0,0,0
394.12,25,295.59,2024,3,9,5,1,0,0,0,0,1,0,1,0,0,0
334.77,15,284.55,2024,1,29,0,0,0,0,0,0,1,0,0,0,0,0
125.65,10,113.09,2024,2,27,1,0,0,1,0,0,0,0,0,0,0,1
202.26,20,161.81,2024,9,13,4,0,0,0,0,0,0,1,0,0,0,0
173.51,20,138.81,2024,1,28,6,1,0,1,0,0,0,0,0,0,1,0
30.8,50,15.4,2024,4,28,6,1,0,0,0,0,0,1,0,0,0,1
305.93,10,275.34,2024,10,19,5,1,0,0,0,1,0,0,0,0,0,0
282.5,5,268.38,2024,4,14,6,1,0,1,0,0,0,0,0,0,0,0
274.87,50,137.44,2024,9,17,1,0,1,0,0,0,0,0,0,0,1,0
93.08,20,74.46,2024,3,11,0,0,0,0,1,0,0,0,0,0,1,0
274.11,15,232.99,2024,10,17,3,0,0,0,0,1,0,0,1,0,0,0
362.61,0,362.61,2024,11,21,3,0,0,0,0,0,1,0,0,0,0,0
486.62,25,364.97,2024,1,9,1,0,0,0,1,0,0,0,0,0,1,0
336.49,20,269.19,2024,9,3,1,0,0,0,0,1,0,0,0,0,0,0
454.39,25,340.79,2024,9,4,2,0,0,0,0,0,0,1,1,0,0,0
215.44,50,107.72,2024,6,22,5,1,0,0,0,1,0,0,0,0,0,1
33.02,15,28.07,2024,9,18,2,0,0,1,0,0,0,0,0,0,0,1
138.83,10,124.95,2024,6,18,1,0,0,0,0,0,0,1,0,0,1,0
490.71,5,466.17,2024,3,10,6,1,1,0,0,0,0,0,0,1,0,0
280.66,15,238.56,2024,11,11,0,0,0,0,0,0,0,1,0,1,0,0
327.4,30,229.18,2024,9,11,2,0,1,0,0,0,0,0,0,1,0,0
309.67,25,232.25,2024,9,4,2,0,1,0,0,0,0,0,0,0,0,1
292.67,25,219.5,2024,2,13,1,0,1,0,0,0,0,0,1,0,0,0
40.87,15,34.74,2024,3,11,0,0,0,1,0,0,0,0,0,0,1,0
455.19,15,386.91,2024,10,5,5,1,0,1,0,0,0,0,0,0,1,0
312.3,10,281.07,2024,1,31,2,0,0,0,0,0,0,1,0,0,0,1
193.28,10,173.95,2024,6,11,1,0,0,0,0,0,1,0,0,0,0,1
216.18,30,151.33,2024,3,27,2,0,0,0,1,0,0,0,1,0,0,0
81.41,5,77.34,2024,2,20,1,0,0,0,1,0,0,0,0,0,0,0
496.05,5,471.25,2024,1,9,1,0,0,0,0,0,0,0,0,1,0,0
357.54,15,303.91,2024,6,15,5,1,0,0,0,0,1,0,0,0,0,0
133.93,0,133.93,2024,4,24,2,0,0,0,1,0,0,0,0,0,0,0
90.2,10,81.18,2024,1,28,6,1,0,1,0,0,0,0,0,1,0,0
431.44,50,215.72,2024,1,28,6,1,1,0,0,0,0,0,0,0,0,1
42.98,5,40.83,2024,9,7,5,1,0,0,0,1,0,0,0,0,0,1
182.04,0,182.04,2024,8,23,4,0,0,0,0,0,1,0,0,0,0,1
83.58,20,66.86,2024,4,1,0,0,0,0,0,0,0,0,0,0,1,0
92.92,10,83.63,2024,4,2,1,0,0,1,0,0,0,0,1,0,0,0
388.1,25,291.08,2024,6,28,4,0,0,0,0,0,0,1,0,0,0,0
417.57,50,208.78,2024,2,22,3,0,0,0,0,0,0,0,0,0,0,1
322.93,5,306.78,2024,1,3,2,0,0,0,0,0,1,0,1,0,0,0
257.21,5,244.35,2024,9,5,3,0,0,0,0,0,0,1,0,0,0,1
29.92,50,14.96,2024,5,1,2,0,0,0,0,1,0,0,0,1,0,0
239.67,15,203.72,2024,1,27,5,1,0,0,0,1,0,0,0,0,0,1
163.3,30,114.31,2024,5,31,4,0,0,0,0,0,0,0,1,0,0,0
135.62,30,94.93,2024,9,1,6,1,1,0,0,0,0,0,0,0,0,1
61.84,50,30.92,2024,4,19,4,0,0,0,0,0,0,1,0,0,1,0
496.36,25,372.27,2024,7,30,1,0,0,0,0,0,1,0,1,0,0,0
107.11,30,74.98,2024,4,29,0,0,0,0,0,0,0,1,0,0,1,0
384.8,25,288.6,2024,10,7,0,0,0,0,1,0,0,0,1,0,0,0
377.75,50,188.88,2024,5,25,5,1,0,0,0,0,0,1,1,0,0,0
285.18,0,285.18,2024,5,24,4,0,0,0,0,1,0,0,0,0,1,0
187.86,0,187.86,2024,2,24,5,1,1,0,0,0,0,0,0,0,0,1
440.5,50,220.25,2024,9,24,1,0,0,0,0,0,1,0,0,0,1,0
124.56,0,124.56,2024,4,16,1,0,0,0,0,0,0,0,1,0,0,0
236.7,0,236.7,2024,9,16,0,0,0,0,0,0,0,0,0,0,0,0
397.16,30,278.01,2024,10,11,4,0,0,1,0,0,0,0,0,0,0,0
248.95,15,211.61,2024,4,14,6,1,0,0,0,0,0,0,0,1,0,0
123.71,50,61.85,2024,10,12,5,1,0,0,0,0,1,0,0,0,0,1
62.46,30,43.72,2024,11,18,0,0,0,0,1,0,0,0,0,1,0,0
451.3,20,361.04,2024,6,12,2,0,0,0,1,0,0,0,0,0,0,0
320.09,0,320.09,2024,3,15,4,0,0,0,0,0,1,0,0,0,0,1
51.73,30,36.21,2024,5,21,1,0,0,0,0,0,0,1,0,1,0,0
388.94,20,311.15,2024,5,21,1,0,0,0,0,0,0,1,0,0,1,0
85.98,20,68.78,2024,5,14,1,0,0,0,0,0,1,0,1,0,0,0
460.89,10,414.8,2024,5,18,5,1,0,0,0,1,0,0,0,1,0,0
492.64,20,394.11,2024,7,7,6,1,0,0,0,1,0,0,1,0,0,0
86.95,25,65.21,2024,8,5,0,0,0,0,0,0,1,0,0,0,0,0
416.65,15,354.15,2024,7,5,4,0,0,0,0,0,0,0,0,0,1,0
155.75,50,77.88,2024,7,22,0,0,0,0,0,0,0,1,1,0,0,0
238.9,25,179.18,2024,4,17,2,0,0,1,0,0,0,0,0,0,0,0
470.33,0,470.33,2024,4,12,4,0,0,0,0,0,0,0,1,0,0,0
62.48,20,49.98,2024,6,2,6,1,0,0,0,0,0,1,0,0,0,1
317.67,20,254.14,2024,2,10,5,1,0,0,0,1,0,0,0,0,1,0
33.21,20,26.57,2024,3,14,3,0,0,0,0,0,0,0,0,0,1,0
118.52,5,112.59,2024,4,11,3,0,1,0,0,0,0,0,0,0,1,0
376.63,15,320.14,2024,5,7,1,0,0,1,0,0,0,0,1,0,0,0
428.47,0,428.47,2024,3,15,4,0,0,0,0,0,0,0,1,0,0,0
462.91,20,370.33,2024,7,2,1,0,0,0,0,0,0,0,0,0,0,0
385.98,15,328.08,2024,5,8,2,0,0,0,1,0,0,0,0,0,1,0
311.0,25,233.25,2024,7,31,2,0,0,1,0,0,0,0,0,0,1,0
268.49,25,201.37,2024,5,9,3,0,0,0,0,0,0,1,0,0,0,1
185.46,10,166.91,2024,6,12,2,0,0,0,0,0,0,1,0,0,1,0
267.4,5,254.03,2024,4,19,4,0,0,0,1,0,0,0,0,0,0,0
203.43,5,193.26,2024,9,23,0,0,0,0,0,1,0,0,0,1,0,0
171.63,50,85.81,2024,2,21,2,0,1,0,0,0,0,0,0,0,1,0
326.01,0,326.01,2024,10,11,4,0,0,0,1,0,0,0,0,0,0,1
147.71,0,147.71,2024,6,9,6,1,0,0,1,0,0,0,0,0,1,0
390.2,0,390.2,2024,2,2,4,0,0,1,0,0,0,0,0,0,1,0
406.06,50,203.03,2024,3,24,6,1,0,0,0,1,0,0,0,0,0,1
268.42,5,255.0,2024,3,10,6,1,1,0,0,0,0,0,1,0,0,0
210.36,10,189.32,2024,11,17,6,1,0,0,0,0,0,0,0,0,0,0
285.47,20,228.38,2024,6,1,5,1,0,0,0,1,0,0,0,0,1,0
494.46,10,445.01,2024,8,18,6,1,0,0,0,0,0,1,1,0,0,0
287.09,20,229.67,2024,4,10,2,0,0,1,0,0,0,0,0,1,0,0
378.27,0,378.27,2024,3,29,4,0,0,1,0,0,0,0,0,0,0,0
23.54,20,18.83,2024,7,11,3,0,0,1,0,0,0,0,0,1,0,0
383.58,10,345.22,2024,6,7,4,0,0,1,0,0,0,0,0,0,0,1
41.61,15,35.37,2024,11,5,1,0,0,0,0,0,1,0,1,0,0,0
261.57,50,130.78,2024,7,20,5,1,0,0,0,0,0,1,0,1,0,0
251.32,5,238.75,2024,6,28,4,0,0,0,1,0,0,0,1,0,0,0
72.43,50,36.22,2024,9,15,6,1,0,0,0,0,1,0,0,1,0,0
421.0,10,378.9,2024,7,3,2,0,0,0,0,0,1,0,0,0,1,0
422.02,30,295.41,2024,6,7,4,0,1,0,0,0,0,0,0,1,0,0
219.83,5,208.84,2024,10,13,6,1,0,0,0,0,0,1,1,0,0,0
242.33,15,205.98,2024,5,10,4,0,0,0,1,0,0,0,0,0,1,0
334.28,15,284.14,2024,5,7,1,0,0,1,0,0,0,0,0,0,0,0
148.21,50,74.11,2024,8,22,3,0,1,0,0,0,0,0,0,0,1,0
275.11,50,137.56,2024,8,25,6,1,0,0,0,1,0,0,0,0,1,0
211.85,20,169.48,2024,5,28,1,0,0,0,0,1,0,0,0,0,0,1
497.4,50,248.7,2024,8,8,3,0,0,0,0,0,1,0,0,1,0,0
368.74,5,350.3,2024,2,26,0,0,0,0,0,0,0,0,0,0,0,1
260.82,0,260.82,2024,2,5,0,0,0,0,0,1,0,0,1,0,0,0
394.35,15,335.2,2024,3,6,2,0,0,0,0,0,0,0,0,0,1,0
459.03,20,367.22,2024,8,11,6,1,0,0,0,1,0,0,1,0,0,0
377.99,10,340.19,2024,7,26,4,0,0,0,0,0,0,0,0,1,0,0
269.87,50,134.94,2024,8,6,1,0,0,0,0,0,1,0,0,0,0,1
458.8,50,229.4,2024,6,25,1,0,0,0,0,0,0,0,0,0,1,0
414.08,20,331.26,2024,4,3,2,0,0,0,0,1,0,0,0,0,1,0
496.06,15,421.65,2024,10,20,6,1,0,1,0,0,0,0,0,1,0,0
295.86,30,207.1,2024,10,29,1,0,1,0,0,0,0,0,0,0,0,1
430.43,0,430.43,2024,10,2,2,0,0,0,0,1,0,0,0,0,0,1
169.71,25,127.28,2024,7,8,0,0,0,0,0,0,1,0,1,0,0,0
315.8,0,315.8,2024,11,20,2,0,0,1,0,0,0,0,0,0,1,0
154.33,25,115.75,2024,8,4,6,1,0,0,0,1,0,0,1,0,0,0
197.33,25,148.0,2024,8,22,3,0,0,0,0,1,0,0,1,0,0,0
270.73,20,216.58,2024,8,6,1,0,0,0,0,0,0,1,0,0,1,0
261.23,20,208.98,2024,11,13,2,0,0,0,0,1,0,0,0,0,0,0
334.87,50,167.44,2024,11,14,3,0,0,0,0,1,0,0,0,0,0,0
266.2,0,266.2,2024,11,14,3,0,0,0,0,0,0,0,0,0,0,1
169.53,50,84.77,2024,3,6,2,0,0,0,0,1,0,0,1,0,0,0
332.57,0,332.57,2024,2,18,6,1,0,1,0,0,0,0,0,0,1,0
398.85,10,358.97,2024,9,23,0,0,0,0,0,0,0,1,0,1,0,0
180.6,0,180.6,2024,9,24,1,0,0,0,0,1,0,0,0,0,0,1
433.59,25,325.19,2024,1,14,6,1,1,0,0,0,0,0,0,1,0,0
20.74,10,18.67,2024,9,1,6,1,0,0,0,1,0,0,0,0,0,1
17.01,30,11.91,2024,5,24,4,0,0,0,1,0,0,0,0,0,1,0
34.13,50,17.07,2024,3,9,5,1,0,0,1,0,0,0,0,0,0,0
11.14,15,9.47,2024,3,19,1,0,0,0,0,1,0,0,1,0,0,0
206.97,0,206.97,2024,10,25,4,0,0,0,0,1,0,0,0,0,1,0
353.08,50,176.54,2024,8,23,4,0,0,0,0,1,0,0,1,0,0,0
67.36,25,50.52,2024,11,10,6,1,0,0,0,0,1,0,0,0,1,0
203.49,30,142.44,2024,4,30,1,0,1,0,0,0,0,0,0,0,1,0
246.98,30,172.89,2024,5,11,5,1,0,1,0,0,0,0,0,0,0,1
368.25,20,294.6,2024,11,16,5,1,1,0,0,0,0,0,1,0,0,0
327.19,20,261.75,2024,11,2,5,1,1,0,0,0,0,0,0,1,0,0
274.65,20,219.72,2024,11,8,4,0,0,0,0,0,1,0,0,1,0,0
369.15,0,369.15,2024,6,19,2,0,0,0,1,0,0,0,1,0,0,0
84.26,5,80.05,2024,10,16,2,0,0,1,0,0,0,0,0,0,0,0
255.74,25,191.81,2024,6,4,1,0,1,0,0,0,0,0,0,0,0,1
440.74,30,308.52,2024,9,11,2,0,0,0,0,0,1,0,0,0,0,0
316.84,25,237.63,2024,5,25,5,1,0,0,1,0,0,0,0,1,0,0
199.88,10,179.89,2024,1,20,5,1,0,0,0,0,0,0,0,0,1,0
389.85,30,272.89,2024,7,20,5,1,0,0,0,1,0,0,0,0,1,0
317.98,5,302.08,2024,7,23,1,0,0,0,0,0,1,0,1,0,0,0
165.06,30,115.54,2024,11,12,1,0,0,0,0,1,0,0,0,1,0,0
192.48,15,163.61,2024,6,5,2,0,1,0,0,0,0,0,1,0,0,0
106.34,20,85.07,2024,4,11,3,0,0,0,0,1,0,0,0,0,0,1
404.92,50,202.46,2024,10,22,1,0,0,0,1,0,0,0,0,1,0,0
289.62,10,260.66,2024,7,28,6,1,0,0,0,0,0,1,0,0,1,0
129.89,5,123.4,2024,4,21,6,1,0,0,0,0,0,0,0,1,0,0
41.2,5,39.14,2024,7,15,0,0,0,0,0,1,0,0,0,0,1,0
208.08,15,176.87,2024,11,15,4,0,0,1,0,0,0,0,0,0,0,1
114.84,20,91.87,2024,6,17,0,0,0,0,0,0,1,0,0,0,0,0
430.16,20,344.13,2024,1,31,2,0,0,0,0,0,0,1,0,0,0,1
431.98,25,323.99,2024,1,6,5,1,0,0,0,0,1,0,0,0,0,1
472.77,20,378.22,2024,3,29,4,0,0,0,0,1,0,0,0,0,0,0
473.18,50,236.59,2024,10,24,3,0,0,0,0,0,1,0,0,1,0,0
205.06,25,153.8,2024,8,13,1,0,1,0,0,0,0,0,0,0,0,0
485.71,20,388.57,2024,6,7,4,0,0,0,0,0,0,0,1,0,0,0
84.28,10,75.85,2024,9,23,0,0,0,0,0,0,1,0,0,0,0,0
189.84,20,151.87,2024,3,8,4,0,1,0,0,0,0,0,1,0,0,0
366.4,15,311.44,2024,9,12,3,0,0,0,0,0,1,0,0,0,1,0
93.05,50,46.52,2024,5,15,2,0,0,1,0,0,0,0,0,0,0,0
398.16,5,378.25,2024,4,19,4,0,0,0,0,0,0,1,1,0,0,0
326.51,20,261.21,2024,5,27,0,0,0,0,0,0,1,0,0,1,0,0
367.98,5,349.58,2024,2,11,6,1,0,0,0,0,0,1,1,0,0,0
424.14,50,212.07,2024,9,6,4,0,0,0,0,0,0,1,0,1,0,0
359.51,30,251.66,2024,5,12,6,1,0,1,0,0,0,0,0,0,0,1
187.2,25,140.4,2024,5,28,1,0,0,0,0,0,0,1,0,0,1,0
232.12,5,220.51,2024,8,27,1,0,0,0,0,1,0,0,0,0,0,1
236.78,25,177.59,2024,6,23,6,1,0,0,0,0,1,0,0,0,1,0
439.4,10,395.46,2024,4,3,2,0,0,0,0,0,1,0,0,0,0,0
133.33,5,126.66,2024,5,19,6,1,0,0,0,0,0,1,1,0,0,0
199.31,5,189.34,2024,8,31,5,1,0,0,0,0,0,0,0,0,0,1
143.68,10,129.31,2024,8,2,4,0,0,0,1,0,0,0,0,0,0,1
313.37,15,266.36,2024,7,28,6,1,0,0,0,1,0,0,0,0,0,1
311.05,30,217.73,2024,4,27,5,1,0,0,1,0,0,0,0,0,1,0
71.34,0,71.34,2024,9,10,1,0,0,0,0,0,0,0,0,0,0,1
354.11,0,354.11,2024,6,29,5,1,1,0,0,0,0,0,0,1,0,0
163.91,10,147.52,2024,9,22,6,1,1,0,0,0,0,0,0,0,0,0
460.83,30,322.58,2024,2,17,5,1,0,1,0,0,0,0,0,0,0,0
49.61,20,39.69,2024,4,17,2,0,0,0,0,0,0,0,1,0,0,0
325.51,15,276.68,2024,11,10,6,1,0,1,0,0,0,0,0,1,0,0
394.16,10,354.74,2024,11,2,5,1,1,0,0,0,0,0,0,0,1,0
440.11,5,418.1,2024,9,19,3,0,0,0,0,1,0,0,0,1,0,0
94.52,30,66.16,2024,10,10,3,0,1,0,0,0,0,0,0,0,0,0
209.41,50,104.7,2024,10,31,3,0,0,0,0,0,0,0,0,0,1,0
413.31,30,289.32,2024,3,7,3,0,0,0,0,0,0,1,0,0,1,0
205.82,5,195.53,2024,10,7,0,0,0,0,0,0,1,0,1,0,0,0
110.73,30,77.51,2024,11,21,3,0,0,0,0,1,0,0,0,0,0,0
432.1,5,410.5,2024,6,7,4,0,0,0,0,0,0,1,0,0,1,0
375.09,5,356.34,2024,10,26,5,1,0,0,0,0,1,0,0,1,0,0
69.77,5,66.28,2024,6,17,0,0,0,0,1,0,0,0,0,1,0,0
430.96,15,366.32,2024,9,10,1,0,0,0,0,0,0,0,0,0,0,0
429.69,30,300.78,2024,2,7,2,0,0,0,0,1,0,0,0,0,0,0
381.28,15,324.09,2024,10,5,5,1,1,0,0,0,0,0,0,0,0,0
72.87,20,58.3,2024,2,14,2,0,0,0,0,0,0,1,0,1,0,0
37.67,25,28.25,2024,4,7,6,1,0,0,0,0,0,0,0,0,0,1
485.0,15,412.25,2024,11,17,6,1,1,0,0,0,0,0,0,0,1,0
214.45,0,214.45,2024,4,14,6,1,0,0,0,1,0,0,1,0,0,0
315.89,0,315.89,2024,1,2,1,0,0,0,0,0,0,0,0,0,0,0
211.67,50,105.83,2024,5,7,1,0,1,0,0,0,0,0,0,0,1,0
490.75,30,343.52,2024,7,1,0,0,0,0,0,0,0,1,1,0,0,0
444.27,10,399.84,2024,2,26,0,0,0,0,0,0,0,1,0,0,0,0
244.61,10,220.15,2024,8,23,4,0,0,0,0,0,1,0,0,0,1,0
444.87,30,311.41,2024,3,9,5,1,1,0,0,0,0,0,1,0,0,0
231.08,10,207.97,2024,1,31,2,0,1,0,0,0,0,0,0,1,0,0
32.39,20,25.91,2024,5,11,5,1,0,0,0,0,0,0,1,0,0,0
260.74,5,247.7,2024,9,20,4,0,0,0,0,0,0,1,0,0,1,0
446.14,0,446.14,2024,1,3,2,0,0,0,1,0,0,0,0,0,0,1
144.56,10,130.1,2024,8,8,3,0,0,0,0,0,0,0,0,0,0,1
467.35,50,233.68,2024,7,11,3,0,0,0,0,1,0,0,0,1,0,0
71.02,50,35.51,2024,11,17,6,1,0,0,0,0,0,1,0,0,0,0
374.32,50,187.16,2024,1,7,6,1,0,0,0,0,1,0,0,0,0,0
61.82,20,49.46,2024,1,21,6,1,1,0,0,0,0,0,0,0,0,1
214.64,20,171.71,2024,8,5,0,0,0,0,0,1,0,0,0,0,0,0
220.76,15,187.65,2024,3,14,3,0,1,0,0,0,0,0,0,0,0,0
204.56,0,204.56,2024,3,6,2,0,0,0,0,0,0,1,0,0,0,1
78.43,15,66.67,2024,8,24,5,1,0,0,0,0,0,0,0,0,1,0
132.48,20,105.98,2024,5,1,2,0,0,0,0,1,0,0,0,0,0,1
334.55,5,317.82,2024,11,13,2,0,1,0,0,0,0,0,0,0,1,0
311.29,10,280.16,2024,10,12,5,1,0,0,1,0,0,0,0,1,0,0
70.49,15,59.92,2024,1,24,2,0,0,0,1,0,0,0,0,1,0,0
243.69,50,121.84,2024,1,5,4,0,0,0,1,0,0,0,1,0,0,0
74.67,20,59.74,2024,5,21,1,0,0,1,0,0,0,0,0,0,0,0
388.03,5,368.63,2024,7,7,6,1,0,0,1,0,0,0,0,0,1,0
28.12,0,28.12,2024,3,17,6,1,0,0,0,0,1,0,1,0,0,0
112.53,15,95.65,2024,6,12,2,0,1,0,0,0,0,0,1,0,0,0
439.81,15,373.84,2024,5,25,5,1,1,0,0,0,0,0,0,0,1,0
220.37,20,176.3,2024,2,5,0,0,0,0,0,0,1,0,0,0,0,1
314.16,30,219.91,2024,9,29,6,1,0,0,0,1,0,0,0,0,0,1
438.97,10,395.07,2024,10,18,4,0,0,1,0,0,0,0,0,0,0,0
166.89,10,150.2,2024,1,9,1,0,0,1,0,0,0,0,0,1,0,0
222.28,0,222.28,2024,9,7,5,1,1,0,0,0,0,0,0,0,0,0
128.89,25,96.67,2024,6,24,0,0,0,1,0,0,0,0,0,0,1,0
65.88,30,46.12,2024,10,12,5,1,0,0,0,0,0,0,0,0,0,0
31.93,15,27.14,2024,3,14,3,0,0,0,0,0,0,0,0,0,1,0
18.79,50,9.39,2024,10,4,4,0,0,0,0,1,0,0,0,1,0,0
46.99,25,35.24,2024,3,10,6,1,0,0,0,0,0,0,0,0,0,1
293.28,30,205.3,2024,7,27,5,1,0,0,0,0,0,0,0,0,1,0
419.54,10,377.59,2024,6,17,0,0,0,0,0,0,1,0,0,0,0,0
150.09,10,135.08,2024,2,13,1,0,0,0,1,0,0,0,0,1,0,0
172.11,25,129.08,2024,7,1,0,0,1,0,0,0,0,0,0,0,1,0
440.57,5,418.54,2024,8,5,0,0,1,0,0,0,0,0,0,0,0,1
121.31,15,103.11,2024,9,3,1,0,0,0,0,0,0,1,0,0,0,1
481.88,15,409.6,2024,5,30,3,0,0,0,1,0,0,0,0,1,0,0
177.59,20,142.07,2024,5,17,4,0,0,0,0,1,0,0,1,0,0,0
443.05,30,310.13,2024,1,27,5,1,0,0,1,0,0,0,0,1,0,0
235.33,50,117.67,2024,6,20,3,0,0,0,1,0,0,0,1,0,0,0
24.75,50,12.38,2024,1,14,6,1,0,0,0,0,0,0,0,0,1,0
470.9,10,423.81,2024,2,20,1,0,0,0,1,0,0,0,0,0,0,1
237.27,0,237.27,2024,11,13,2,0,1,0,0,0,0,0,0,0,0,0
151.72,5,144.13,2024,3,23,5,1,1,0,0,0,0,0,1,0,0,0
27.88,50,13.94,2024,4,24,2,0,1,0,0,0,0,0,1,0,0,0
26.95,20,21.56,2024,3,8,4,0,0,0,0,0,1,0,0,1,0,0
417.34,30,292.14,2024,2,17,5,1,0,0,0,0,1,0,0,1,0,0
207.54,10,186.79,2024,6,26,2,0,0,1,0,0,0,0,0,1,0,0
123.41,25,92.56,2024,5,5,6,1,0,0,0,1,0,0,0,0,0,1
398.36,0,398.36,2024,3,26,1,0,0,0,0,0,1,0,0,1,0,0
350.5,15,297.93,2024,1,12,4,0,0,0,0,0,1,0,0,0,0,1
459.93,0,459.93,2024,6,19,2,0,1,0,0,0,0,0,1,0,0,0
324.93,25,243.7,2024,2,29,3,0,0,0,0,0,0,1,0,0,0,0
483.48,15,410.96,2024,9,12,3,0,0,0,0,0,0,1,0,0,0,0
286.37,25,214.78,2024,3,18,0,0,1,0,0,0,0,0,0,1,0,0
486.15,5,461.84,2024,6,25,1,0,0,0,0,0,1,0,0,0,1,0
44.29,0,44.29,2024,10,8,1,0,0,1,0,0,0,0,1,0,0,0
481.53,25,361.15,2024,8,21,2,0,0,0,0,0,1,0,0,0,0,1
404.07,15,343.46,2024,7,1,0,0,0,0,0,0,0,1,0,0,0,1
63.31,20,50.65,2024,6,12,2,0,0,0,0,0,1,0,0,0,0,1
254.31,0,254.31,2024,4,5,4,0,0,0,1,0,0,0,0,0,0,1
152.98,15,130.03,2024,6,18,1,0,0,0,0,1,0,0,0,0,0,1
199.16,15,169.29,2024,3,20,2,0,0,0,1,0,0,0,0,1,0,0
384.71,10,346.24,2024,3,8,4,0,0,0,1,0,0,0,0,0,0,1
498.37,10,448.53,2024,6,23,6,1,0,0,0,0,0,1,1,0,0,0
142.53,10,128.28,2024,10,7,0,0,0,0,0,0,0,0,0,0,0,1
353.77,15,300.7,2024,2,5,0,0,0,0,0,0,0,0,0,0,0,1
38.68,5,36.75,2024,9,11,2,0,0,0,0,0,0,1,0,0,0,1
34.3,10,30.87,2024,11,12,1,0,0,0,1,0,0,0,0,0,0,0
121.05,25,90.79,2024,9,13,4,0,0,0,0,0,1,0,0,0,0,0
117.95,15,100.26,2024,1,14,6,1,0,0,0,0,1,0,1,0,0,0
41.11,20,32.89,2024,11,12,1,0,0,1,0,0,0,0,0,1,0,0
171.56,20,137.25,2024,7,26,4,0,0,0,1,0,0,0,0,0,0,1
190.47,20,152.38,2024,4,11,3,0,0,1,0,0,0,0,0,0,0,1
94.21,25,70.66,2024,4,6,5,1,0,0,0,0,0,1,0,0,1,0
294.66,15,250.46,2024,10,19,5,1,0,0,1,0,0,0,0,0,1,0
262.15,15,222.83,2024,1,14,6,1,0,0,0,1,0,0,0,0,0,0
257.35,50,128.68,2024,11,13,2,0,1,0,0,0,0,0,1,0,0,0
318.15,10,286.33,2024,3,17,6,1,1,0,0,0,0,0,1,0,0,0
432.56,30,302.79,2024,5,17,4,0,0,0,0,0,1,0,0,1,0,0
386.32,10,347.69,2024,4,16,1,0,1,0,0,0,0,0,0,0,0,1
131.54,5,124.96,2024,11,9,5,1,0,0,0,0,0,1,0,0,1,0
32.29,0,32.29,2024,10,13,6,1,0,1,0,0,0,0,0,0,0,1
278.03,10,250.23,2024,2,14,2,0,0,0,0,1,0,0,1,0,0,0
381.05,10,342.94,2024,10,7,0,0,0,0,0,0,0,0,0,1,0,0
56.78,10,51.1,2024,3,11,0,0,0,0,0,0,0,1,0,0,0,1
30.56,30,21.39,2024,6,2,6,1,0,0,0,0,1,0,0,0,0,1
387.81,20,310.25,2024,8,1,3,0,0,1,0,0,0,0,0,0,0,0
375.41,30,262.79,2024,2,27,1,0,0,1,0,0,0,0,0,0,0,1
183.1,5,173.94,2024,3,11,0,0,0,0,0,0,1,0,0,1,0,0
278.54,15,236.76,2024,10,15,1,0,0,0,1,0,0,0,0,1,0,0
227.68,10,204.91,2024,9,16,0,0,0,1,0,0,0,0,0,0,0,1
490.91,30,343.64,2024,8,2,4,0,0,0,1,0,0,0,0,0,1,0
69.31,50,34.66,2024,9,23,0,0,0,1,0,0,0,0,0,0,1,0
31.12,50,15.56,2024,8,16,4,0,0,0,0,0,0,0,0,0,0,0
225.59,25,169.19,2024,9,11,2,0,0,0,0,0,1,0,0,0,1,0
328.31,10,295.48,2024,8,30,4,0,0,0,0,0,0,1,1,0,0,0
92.21,50,46.1,2024,9,12,3,0,1,0,0,0,0,0,0,0,0,0
95.3,15,81.0,2024,3,21,3,0,0,0,0,1,0,0,0,0,1,0
467.24,0,467.24,2024,8,9,4,0,0,0,0,0,0,1,0,0,0,1
181.68,10,163.51,2024,2,21,2,0,0,0,0,0,1,0,0,1,0,0
267.88,50,133.94,2024,7,16,1,0,0,1,0,0,0,0,0,0,0,1
138.46,0,138.46,2024,5,22,2,0,0,0,1,0,0,0,0,0,0,0
151.92,5,144.32,2024,6,12,2,0,0,1,0,0,0,0,1,0,0,0
163.54,25,122.66,2024,3,3,6,1,0,0,1,0,0,0,0,1,0,0
286.09,30,200.26,2024,6,5,2,0,0,0,0,0,0,0,0,0,1,0
209.89,30,146.92,2024,2,29,3,0,0,0,0,0,0,0,0,0,0,1
454.14,10,408.73,2024,11,13,2,0,0,0,0,0,0,1,0,0,1,0
87.6,25,65.7,2024,5,16,3,0,0,0,0,1,0,0,0,0,0,1
223.73,30,156.61,2024,7,31,2,0,0,0,0,0,0,0,0,0,1,0
473.12,10,425.81,2024,11,11,0,0,0,1,0,0,0,0,0,0,0,1
474.63,5,450.9,2024,4,18,3,0,0,1,0,0,0,0,0,0,1,0
351.26,10,316.13,2024,11,20,2,0,1,0,0,0,0,0,1,0,0,0
412.47,15,350.6,2024,8,7,2,0,0,1,0,0,0,0,0,0,0,0
221.39,20,177.11,2024,5,28,1,0,0,0,0,0,1,0,0,1,0,0
47.18,0,47.18,2024,1,17,2,0,0,1,0,0,0,0,0,1,0,0
363.37,50,181.69,2024,5,17,4,0,0,0,0,0,1,0,0,1,0,0
116.06,0,116.06,2024,10,17,3,0,0,0,0,0,1,0,0,0,1,0
321.07,20,256.86,2024,7,8,0,0,0,0,0,1,0,0,0,0,0,0
485.4,20,388.32,2024,11,2,5,1,1,0,0,0,0,0,1,0,0,0
129.71,25,97.28,2024,5,18,5,1,0,1,0,0,0,0,0,0,0,0
481.63,20,385.3,2024,5,6,0,0,0,1,0,0,0,0,0,0,0,0
112.0,0,112.0,2024,6,12,2,0,0,0,1,0,0,0,0,0,0,1
444.98,0,444.98,2024,3,22,4,0,1,0,0,0,0,0,0,0,0,0
226.97,25,170.23,2024,10,21,0,0,0,0,0,0,0,0,1,0,0,0
412.98,20,330.38,2024,10,6,6,1,0,0,1,0,0,0,0,1,0,0
306.97,20,245.58,2024,3,7,3,0,0,0,1,0,0,0,1,0,0,0
479.52,15,407.59,2024,9,25,2,0,1,0,0,0,0,0,0,0,0,1
422.68,15,359.28,2024,2,2,4,0,0,0,0,0,1,0,0,0,0,1
450.51,30,315.36,2024,10,11,4,0,0,0,0,0,0,1,0,0,0,1
337.72,5,320.83,2024,5,26,6,1,0,1,0,0,0,0,1,0,0,0
355.43,25,266.57,2024,9,8,6,1,0,1,0,0,0,0,0,0,0,1
250.41,50,125.2,2024,1,13,5,1,0,0,0,0,1,0,0,1,0,0
258.08,25,193.56,2024,6,19,2,0,0,0,0,0,0,0,0,0,1,0
61.98,0,61.98,2024,1,17,2,0,0,0,0,0,1,0,1,0,0,0
277.14,10,249.43,2024,7,15,0,0,1,0,0,0,0,0,0,0,0,1
181.62,50,90.81,2024,10,24,3,0,0,0,1,0,0,0,1,0,0,0
101.29,15,86.1,2024,2,23,4,0,0,0,0,0,0,0,0,0,0,1
399.69,25,299.77,2024,7,4,3,0,0,0,0,0,1,0,0,0,0,0
181.69,10,163.52,2024,2,9,4,0,1,0,0,0,0,0,0,1,0,0
138.51,15,117.73,2024,2,20,1,0,0,1,0,0,0,0,1,0,0,0
360.88,30,252.62,2024,9,23,0,0,0,0,0,0,1,0,0,1,0,0
152.43,20,121.94,2024,4,2,1,0,0,0,0,0,0,1,0,1,0,0
278.78,15,236.96,2024,1,13,5,1,0,0,0,1,0,0,0,1,0,0
82.95,10,74.66,2024,6,23,6,1,0,0,0,0,0,0,1,0,0,0
83.31,5,79.14,2024,10,4,4,0,0,0,0,0,1,0,0,1,0,0
268.14,0,268.14,2024,6,2,6,1,1,0,0,0,0,0,0,1,0,0
489.42,50,244.71,2024,8,20,1,0,0,0,0,0,1,0,0,0,0,0
210.4,0,210.4,2024,5,23,3,0,0,0,0,1,0,0,0,0,1,0
99.23,20,79.38,2024,2,28,2,0,1,0,0,0,0,0,0,0,0,1
280.2,0,280.2,2024,7,28,6,1,0,0,1,0,0,0,0,0,0,1
200.14,10,180.13,2024,11,6,2,0,0,0,0,0,0,0,1,0,0,0
388.45,15,330.18,2024,4,19,4,0,0,0,0,1,0,0,0,0,1,0
429.43,50,214.72,2024,8,4,6,1,0,0,1,0,0,0,1,0,0,0
348.15,15,295.93,2024,1,10,2,0,0,0,0,0,0,1,0,1,0,0
176.6,0,176.6,2024,3,12,1,0,1,0,0,0,0,0,1,0,0,0
228.74,0,228.74,2024,7,4,3,0,0,0,0,0,0,0,0,0,0,1
302.97,15,257.52,2024,7,9,1,0,0,0,0,1,0,0,0,0,0,0
117.7,25,88.28,2024,8,11,6,1,0,0,0,0,0,0,0,0,1,0
219.19,25,164.39,2024,7,25,3,0,0,1,0,0,0,0,0,0,0,1
137.74,30,96.42,2024,8,23,4,0,0,0,0,1,0,0,0,0,0,0
436.86,5,415.02,2024,2,11,6,1,0,0,0,0,0,0,0,0,1,0
269.89,20,215.91,2024,9,28,5,1,0,0,0,0,1,0,0,0,1,0
81.82,10,73.64,2024,6,5,2,0,0,0,0,0,1,0,0,0,1,0
353.61,20,282.89,2024,4,26,4,0,1,0,0,0,0,0,1,0,0,0
37.73,15,32.07,2024,4,27,5,1,0,0,0,0,0,1,0,0,1,0
215.34,5,204.57,2024,3,25,0,0,1,0,0,0,0,0,1,0,0,0
117.18,10,105.46,2024,3,7,3,0,0,0,0,0,0,1,0,1,0,0
451.22,5,428.66,2024,3,29,4,0,0,0,0,0,0,0,0,0,1,0
382.83,30,267.98,2024,1,8,0,0,0,0,0,0,0,0,0,0,0,0
213.0,50,106.5,2024,1,8,0,0,0,0,0,0,1,0,0,0,1,0
450.17,0,450.17,2024,3,21,3,0,0,0,0,1,0,0,1,0,0,0
251.98,50,125.99,2024,7,31,2,0,0,0,0,1,0,0,0,0,0,1
345.49,25,259.12,2024,3,27,2,0,0,0,0,0,0,0,0,0,0,1
431.89,15,367.11,2024,2,3,5,1,0,0,0,0,0,0,0,0,1,0
76.69,0,76.69,2024,7,2,1,0,0,1,0,0,0,0,0,1,0,0
373.26,50,186.63,2024,2,12,0,0,0,0,1,0,0,0,1,0,0,0
26.71,30,18.7,2024,6,5,2,0,1,0,0,0,0,0,0,0,0,0
191.54,0,191.54,2024,8,7,2,0,0,0,1,0,0,0,0,1,0,0
473.96,25,355.47,2024,4,3,2,0,0,0,0,0,1,0,0,0,0,1
347.43,15,295.32,2024,5,22,2,0,0,0,0,0,0,0,0,0,1,0
200.63,5,190.6,2024,3,31,6,1,0,1,0,0,0,0,0,0,0,0
47.45,25,35.59,2024,5,22,2,0,0,0,0,1,0,0,0,1,0,0
453.53,20,362.82,2024,4,5,4,0,0,0,0,1,0,0,0,1,0,0
378.95,20,303.16,2024,11,21,3,0,0,1,0,0,0,0,1,0,0,0
321.66,0,321.66,2024,5,8,2,0,0,0,0,0,1,0,1,0,0,0
429.78,5,408.29,2024,7,19,4,0,0,0,0,1,0,0,0,1,0,0
392.26,5,372.65,2024,1,16,1,0,0,0,0,1,0,0,0,0,1,0
169.92,25,127.44,2024,4,30,1,0,0,0,0,1,0,0,0,0,1,0
344.08,30,240.86,2024,4,17,2,0,0,0,0,0,0,0,0,1,0,0
119.61,50,59.8,2024,8,6,1,0,1,0,0,0,0,0,0,1,0,0
304.02,15,258.42,2024,9,13,4,0,0,0,0,0,0,1,0,0,1,0
221.6,20,177.28,2024,3,10,6,1,1,0,0,0,0,0,1,0,0,0
371.72,15,315.96,2024,8,14,2,0,0,1,0,0,0,0,0,0,1,0
245.53,0,245.53,2024,4,12,4,0,1,0,0,0,0,0,0,0,0,1
435.73,50,217.87,2024,7,23,1,0,0,0,0,1,0,0,0,1,0,0
399.88,5,379.89,2024,11,6,2,0,0,0,0,0,0,0,0,0,0,0
471.77,15,401.0,2024,10,6,6,1,0,1,0,0,0,0,0,0,0,1
451.25,30,315.88,2024,6,10,0,0,0,0,1,0,0,0,0,0,1,0
168.52,5,160.09,2024,4,3,2,0,0,0,0,0,0,1,0,0,1,0
272.8,30,190.96,2024,5,8,2,0,0,0,0,1,0,0,1,0,0,0
153.13,5,145.47,2024,4,21,6,1,0,0,1,0,0,0,1,0,0,0
244.73,50,122.36,2024,9,2,0,0,0,1,0,0,0,0,0,0,0,1
74.64,30,52.25,2024,11,17,6,1,0,0,0,0,1,0,0,0,0,0
204.33,10,183.9,2024,8,8,3,0,0,0,0,0,1,0,1,0,0,0
426.27,15,362.33,2024,9,20,4,0,1,0,0,0,0,0,0,0,0,0
369.36,10,332.42,2024,9,23,0,0,0,0,1,0,0,0,1,0,0,0
384.61,0,384.61,2024,2,29,3,0,0,0,1,0,0,0,0,0,0,1
203.19,20,162.55,2024,3,12,1,0,0,1,0,0,0,0,0,0,0,1
394.31,20,315.45,2024,5,30,3,0,0,0,1,0,0,0,1,0,0,0
135.22,25,101.41,2024,1,19,4,0,0,0,0,0,0,0,0,0,0,1
241.76,50,120.88,2024,1,15,0,0,0,0,0,0,0,1,0,0,0,1
20.31,5,19.29,2024,6,5,2,0,0,0,0,0,0,1,0,0,1,0
236.62,20,189.3,2024,9,29,6,1,0,0,0,0,0,1,0,1,0,0
250.72,0,250.72,2024,8,18,6,1,0,0,0,0,1,0,1,0,0,0
407.45,30,285.21,2024,4,23,1,0,1,0,0,0,0,0,0,0,0,1
436.95,10,393.25,2024,10,18,4,0,0,0,1,0,0,0,1,0,0,0
292.37,50,146.19,2024,10,18,4,0,0,0,0,0,0,1,0,1,0,0
63.8,0,63.8,2024,9,12,3,0,0,0,0,0,1,0,1,0,0,0
462.49,15,393.12,2024,8,31,5,1,0,0,0,0,1,0,0,0,0,0
122.14,5,116.03,2024,5,8,2,0,0,0,0,0,1,0,1,0,0,0
430.8,50,215.4,2024,4,3,2,0,0,0,0,0,0,1,0,0,0,1
245.54,15,208.71,2024,9,17,1,0,1,0,0,0,0,0,0,0,0,0
411.1,30,287.77,2024,6,19,2,0,0,0,0,0,0,1,0,0,0,0
152.62,50,76.31,2024,5,15,2,0,0,1,0,0,0,0,1,0,0,0
141.24,50,70.62,2024,9,24,1,0,0,0,0,0,0,1,1,0,0,0
419.81,15,356.84,2024,4,9,1,0,0,0,1,0,0,0,1,0,0,0
389.67,0,389.67,2024,6,4,1,0,0,1,0,0,0,0,0,1,0,0
426.13,20,340.9,2024,4,5,4,0,0,0,1,0,0,0,1,0,0,0
496.76,5,471.92,2024,3,10,6,1,0,0,1,0,0,0,0,0,0,0
109.99,15,93.49,2024,6,18,1,0,0,0,1,0,0,0,0,0,0,0
423.41,25,317.56,2024,6,4,1,0,1,0,0,0,0,0,0,0,0,0
59.42,20,47.54,2024,11,18,0,0,0,0,0,1,0,0,0,0,0,1
14.4,20,11.52,2024,5,21,1,0,0,1,0,0,0,0,0,1,0,0
127.92,10,115.13,2024,8,26,0,0,0,0,0,0,0,0,0,0,0,1
190.26,0,190.26,2024,1,15,0,0,0,0,0,0,1,0,0,1,0,0
366.79,20,293.43,2024,3,22,4,0,1,0,0,0,0,0,0,0,0,0
238.92,25,179.19,2024,11,12,1,0,0,0,0,1,0,0,0,0,0,0
105.61,10,95.05,2024,7,13,5,1,1,0,0,0,0,0,0,0,0,0
251.84,5,239.25,2024,1,23,1,0,0,0,0,0,0,0,1,0,0,0
482.78,30,337.95,2024,7,1,0,0,0,0,0,0,0,1,1,0,0,0
204.49,5,194.27,2024,2,24,5,1,0,0,0,0,0,1,0,1,0,0
364.65,5,346.42,2024,2,22,3,0,0,0,1,0,0,0,1,0,0,0
66.29,50,33.15,2024,9,16,0,0,1,0,0,0,0,0,0,0,0,1
122.79,25,92.09,2024,1,9,1,0,0,0,0,1,0,0,0,1,0,0
59.16,20,47.33,2024,3,25,0,0,0,0,0,1,0,0,0,0,0,0
482.74,20,386.19,2024,3,8,4,0,0,0,0,0,0,1,0,0,0,0
400.25,30,280.17,2024,7,7,6,1,0,0,0,0,0,1,1,0,0,0
278.69,30,195.08,2024,10,14,0,0,0,1,0,0,0,0,1,0,0,0
446.45,5,424.13,2024,10,15,1,0,1,0,0,0,0,0,0,0,0,1
77.79,10,70.01,2024,1,5,4,0,0,0,0,0,0,1,0,0,0,1
126.91,20,101.53,2024,9,7,5,1,0,1,0,0,0,0,0,1,0,0
350.82,30,245.57,2024,5,29,2,0,0,0,0,0,0,1,0,0,0,1
43.02,10,38.72,2024,1,18,3,0,1,0,0,0,0,0,0,0,1,0
416.29,25,312.22,2024,9,9,0,0,0,0,0,0,0,1,0,0,0,1
128.2,15,108.97,2024,9,30,0,0,1,0,0,0,0,0,0,1,0,0
112.97,25,84.73,2024,11,2,5,1,0,0,0,0,0,1,0,0,0,1
221.92,20,177.54,2024,8,21,2,0,0,0,0,0,0,1,0,1,0,0
356.78,20,285.42,2024,3,22,4,0,0,0,0,0,0,1,0,1,0,0
309.92,30,216.94,2024,8,22,3,0,0,0,0,0,1,0,0,0,1,0
400.63,30,280.44,2024,3,15,4,0,1,0,0,0,0,0,0,0,0,1
377.55,50,188.78,2024,8,25,6,1,1,0,0,0,0,0,0,0,0,1
382.33,15,324.98,2024,9,9,0,0,0,0,0,0,0,0,1,0,0,0
215.61,15,183.27,2024,3,1,4,0,0,0,0,0,0,0,1,0,0,0
352.89,10,317.6,2024,2,2,4,0,1,0,0,0,0,0,0,0,0,1
403.98,15,343.38,2024,9,8,6,1,0,1,0,0,0,0,0,0,1,0
19.44,15,16.52,2024,7,30,1,0,0,0,0,0,0,0,0,0,1,0
422.63,50,211.31,2024,10,21,0,0,0,0,0,0,0,1,0,0,0,1
302.73,30,211.91,2024,5,24,4,0,0,0,0,0,0,1,0,0,0,1
71.26,0,71.26,2024,9,3,1,0,0,0,0,0,0,0,1,0,0,0
332.89,0,332.89,2024,7,25,3,0,1,0,0,0,0,0,0,0,1,0
254.19,10,228.77,2024,7,29,0,0,0,1,0,0,0,0,1,0,0,0
436.15,30,305.3,2024,8,14,2,0,0,0,0,0,0,0,0,0,0,1
379.65,30,265.75,2024,11,4,0,0,0,0,0,0,0,1,1,0,0,0
440.27,20,352.22,2024,4,1,0,0,0,0,0,0,0,1,0,0,0,0
358.89,0,358.89,2024,1,18,3,0,0,0,0,0,0,1,0,0,1,0
463.05,15,393.59,2024,4,6,5,1,0,0,0,1,0,0,0,1,0,0
14.66,50,7.33,2024,5,15,2,0,0,1,0,0,0,0,1,0,0,0
374.15,10,336.74,2024,8,8,3,0,0,1,0,0,0,0,0,0,1,0
330.67,15,281.07,2024,5,27,0,0,0,0,0,0,0,0,1,0,0,0
367.14,5,348.78,2024,9,26,3,0,1,0,0,0,0,0,0,0,1,0
96.93,50,48.47,2024,8,15,3,0,0,0,1,0,0,0,0,0,0,0
326.94,5,310.59,2024,9,26,3,0,0,0,0,1,0,0,0,0,1,0
133.61,10,120.25,2024,1,6,5,1,0,0,0,0,1,0,0,0,0,0
319.29,50,159.65,2024,7,22,0,0,0,0,1,0,0,0,0,0,0,1
473.16,30,331.21,2024,9,23,0,0,0,0,0,1,0,0,0,0,1,0
261.33,30,182.93,2024,4,23,1,0,0,0,1,0,0,0,1,0,0,0
332.48,5,315.86,2024,9,17,1,0,0,0,0,1,0,0,0,0,0,1
180.06,5,171.06,2024,3,20,2,0,0,1,0,0,0,0,0,1,0,0
478.62,5,454.69,2024,3,9,5,1,0,0,0,1,0,0,0,0,0,0
391.77,30,274.24,2024,5,23,3,0,0,0,0,0,1,0,0,0,0,1
194.6,50,97.3,2024,11,19,1,0,0,0,0,0,0,0,0,0,0,1
145.56,50,72.78,2024,2,20,1,0,0,0,1,0,0,0,0,0,0,0
149.93,0,149.93,2024,2,10,5,1,0,0,0,0,0,1,0,0,0,1
197.26,20,157.81,2024,6,3,0,0,1,0,0,0,0,0,0,0,0,0
125.47,15,106.65,2024,9,22,6,1,1,0,0,0,0,0,0,0,0,0
221.24,0,221.24,2024,1,4,3,0,0,0,0,0,1,0,0,0,1,0
421.76,50,210.88,2024,3,21,3,0,0,1,0,0,0,0,1,0,0,0
342.6,20,274.08,2024,2,4,6,1,0,0,0,0,1,0,0,0,1,0
380.5,25,285.38,2024,8,7,2,0,0,0,0,0,0,0,0,0,0,1
435.45,0,435.45,2024,1,14,6,1,0,0,1,0,0,0,1,0,0,0
255.26,25,191.44,2024,11,3,6,1,1,0,0,0,0,0,0,0,1,0
142.92,25,107.19,2024,8,24,5,1,0,0,0,0,1,0,0,0,1,0
203.54,25,152.66,2024,3,12,1,0,0,0,1,0,0,0,0,0,0,1
71.16,0,71.16,2024,8,1,3,0,0,0,1,0,0,0,0,0,1,0
484.89,20,387.91,2024,5,1,2,0,1,0,0,0,0,0,1,0,0,0
431.84,10,388.66,2024,7,18,3,0,0,0,0,1,0,0,1,0,0,0
236.16,15,200.74,2024,2,29,3,0,1,0,0,0,0,0,0,0,1,0
319.55,25,239.66,2024,9,21,5,1,0,0,1,0,0,0,0,0,0,1
132.67,15,112.77,2024,10,20,6,1,0,1,0,0,0,0,0,0,0,0
112.35,5,106.73,2024,2,22,3,0,0,0,0,0,0,1,1,0,0,0
170.5,10,153.45,2024,10,22,1,0,1,0,0,0,0,0,0,0,0,0
287.69,10,258.92,2024,2,13,1,0,0,0,1,0,0,0,0,0,0,1
216.75,0,216.75,2024,5,28,1,0,0,0,0,0,0,1,0,0,0,1
37.79,10,34.01,2024,5,8,2,0,0,0,1,0,0,0,0,0,1,0
100.23,50,50.12,2024,5,31,4,0,1,0,0,0,0,0,0,0,1,0
453.66,0,453.66,2024,7,29,0,0,0,0,0,0,0,0,0,0,0,0
401.54,10,361.39,2024,9,14,5,1,0,0,0,0,0,1,0,1,0,0
442.41,15,376.05,2024,3,19,1,0,0,0,0,0,0,0,0,1,0,0
224.56,50,112.28,2024,10,19,5,1,0,0,1,0,0,0,0,0,0,0
435.97,15,370.57,2024,8,18,6,1,0,1,0,0,0,0,0,0,0,1
398.25,15,338.51,2024,4,5,4,0,0,0,1,0,0,0,0,0,1,0
262.8,0,262.8,2024,3,18,0,0,0,0,0,0,0,1,1,0,0,0
257.67,0,257.67,2024,11,4,0,0,0,0,0,1,0,0,0,1,0,0
410.07,50,205.03,2024,9,5,3,0,0,0,0,0,0,1,0,0,0,0
51.33,20,41.06,2024,9,8,6,1,0,0,0,0,0,1,1,0,0,0
28.77,10,25.89,2024,9,6,4,0,0,0,0,0,0,0,0,1,0,0
130.27,20,104.22,2024,4,18,3,0,0,1,0,0,0,0,0,0,0,0
113.72,50,56.86,2024,11,1,4,0,0,0,0,0,0,0,0,0,0,1
306.77,50,153.38,2024,6,1,5,1,0,0,0,0,0,0,0,0,1,0
68.53,0,68.53,2024,10,21,0,0,0,0,0,1,0,0,0,1,0,0
186.96,20,149.57,2024,8,6,1,0,0,0,1,0,0,0,1,0,0,0
496.79,5,471.95,2024,5,10,4,0,0,0,0,0,1,0,1,0,0,0
479.63,0,479.63,2024,4,12,4,0,1,0,0,0,0,0,0,0,0,1
235.86,20,188.69,2024,10,31,3,0,0,0,0,0,1,0,0,0,1,0
74.55,30,52.18,2024,7,23,1,0,0,0,0,0,0,0,0,0,0,0
269.25,30,188.47,2024,10,9,2,0,0,0,0,1,0,0,0,0,0,1
66.37,25,49.78,2024,9,9,0,0,1,0,0,0,0,0,0,0,0,0
122.84,5,116.7,2024,4,26,4,0,0,0,0,0,0,1,0,0,0,1
209.68,5,199.2,2024,4,28,6,1,0,0,1,0,0,0,0,0,0,0
243.62,20,194.9,2024,7,13,5,1,0,0,0,1,0,0,1,0,0,0
421.25,25,315.94,2024,4,16,1,0,0,0,0,0,1,0,0,0,0,0
281.6,50,140.8,2024,4,29,0,0,0,0,0,0,0,0,0,0,1,0
355.16,10,319.64,2024,4,28,6,1,0,1,0,0,0,0,0,0,0,1
172.78,5,164.14,2024,6,1,5,1,0,1,0,0,0,0,0,1,0,0
96.27,30,67.39,2024,9,23,0,0,0,0,1,0,0,0,1,0,0,0
286.09,10,257.48,2024,9,12,3,0,0,0,0,0,1,0,0,0,0,0
407.47,30,285.23,2024,10,5,5,1,0,0,0,1,0,0,1,0,0,0
230.18,10,207.16,2024,10,26,5,1,0,1,0,0,0,0,0,0,1,0
473.05,50,236.53,2024,8,23,4,0,0,0,0,1,0,0,0,0,1,0
126.42,5,120.1,2024,1,31,2,0,0,1,0,0,0,0,0,0,1,0
357.02,5,339.17,2024,2,11,6,1,0,0,1,0,0,0,1,0,0,0
114.6,5,108.87,2024,10,26,5,1,0,0,0,1,0,0,0,0,0,0
483.93,50,241.97,2024,9,10,1,0,0,0,0,0,0,0,0,1,0,0
410.02,30,287.01,2024,3,29,4,0,0,0,1,0,0,0,0,0,1,0
39.29,15,33.4,2024,9,22,6,1,0,0,0,1,0,0,1,0,0,0
143.25,20,114.6,2024,7,15,0,0,0,0,0,1,0,0,0,0,0,1
487.54,50,243.77,2024,4,14,6,1,0,0,0,0,1,0,0,0,1,0
84.34,50,42.17,2024,8,20,1,0,0,0,0,0,0,1,0,0,1,0
83.69,10,75.32,2024,5,5,6,1,0,0,1,0,0,0,0,0,0,1
412.56,50,206.28,2024,6,16,6,1,0,0,1,0,0,0,0,0,1,0
83.48,50,41.74,2024,3,4,0,0,0,0,0,0,0,1,0,0,1,0
422.69,20,338.15,2024,4,28,6,1,0,1,0,0,0,0,0,0,1,0
110.52,20,88.42,2024,10,4,4,0,0,0,0,0,0,1,1,0,0,0
307.25,10,276.53,2024,10,23,2,0,0,0,1,0,0,0,0,0,0,0
83.16,0,83.16,2024,4,24,2,0,1,0,0,0,0,0,0,0,1,0
33.33,10,30.0,2024,11,17,6,1,0,0,0,0,0,0,1,0,0,0
96.23,20,76.98,2024,7,19,4,0,1,0,0,0,0,0,0,1,0,0
246.49,15,209.52,2024,8,28,2,0,0,1,0,0,0,0,0,0,0,1
414.86,50,207.43,2024,4,24,2,0,1,0,0,0,0,0,0,0,1,0
87.2,5,82.84,2024,10,15,1,0,0,0,1,0,0,0,0,0,0,1
15.67,5,14.89,2024,1,10,2,0,0,0,1,0,0,0,0,0,1,0
396.59,15,337.1,2024,5,17,4,0,0,0,0,0,0,0,0,1,0,0
64.47,15,54.8,2024,9,18,2,0,1,0,0,0,0,0,0,0,1,0
364.19,10,327.77,2024,5,1,2,0,1,0,0,0,0,0,0,0,1,0
265.86,15,225.98,2024,10,14,0,0,0,0,0,0,0,0,0,0,1,0
202.03,25,151.52,2024,8,19,0,0,0,1,0,0,0,0,0,0,1,0
340.26,5,323.25,2024,1,9,1,0,0,0,0,0,0,1,0,0,1,0
84.13,30,58.89,2024,4,27,5,1,0,1,0,0,0,0,1,0,0,0
72.96,5,69.31,2024,8,27,1,0,0,0,0,1,0,0,1,0,0,0
412.27,20,329.82,2024,8,21,2,0,0,0,0,1,0,0,0,0,0,1
16.08,30,11.26,2024,3,15,4,0,0,0,1,0,0,0,1,0,0,0
13.43,10,12.09,2024,3,31,6,1,0,0,0,0,0,0,1,0,0,0
375.79,30,263.05,2024,4,5,4,0,0,0,0,0,1,0,0,0,0,0
184.8,30,129.36,2024,10,1,1,0,1,0,0,0,0,0,0,1,0,0
15.56,10,14.0,2024,1,24,2,0,0,0,0,0,0,1,0,1,0,0
197.79,30,138.45,2024,2,18,6,1,0,0,0,0,1,0,0,0,0,1
175.77,25,131.83,2024,5,13,0,0,1,0,0,0,0,0,1,0,0,0
174.56,0,174.56,2024,9,24,1,0,0,0,0,0,0,0,1,0,0,0
279.38,20,223.5,2024,2,24,5,1,0,0,0,0,0,0,0,0,1,0
129.52,25,97.14,2024,11,8,4,0,0,1,0,0,0,0,0,0,0,0
125.93,20,100.74,2024,6,14,4,0,0,1,0,0,0,0,0,0,1,0
78.34,25,58.76,2024,6,9,6,1,1,0,0,0,0,0,0,0,1,0
23.85,20,19.08,2024,10,10,3,0,0,0,0,0,1,0,0,0,0,0
209.44,15,178.02,2024,2,21,2,0,0,0,0,1,0,0,1,0,0,0
291.97,15,248.17,2024,2,6,1,0,0,0,1,0,0,0,0,1,0,0
401.11,5,381.05,2024,8,29,3,0,0,0,1,0,0,0,0,0,1,0
335.49,0,335.49,2024,9,18,2,0,1,0,0,0,0,0,0,0,1,0
58.24,50,29.12,2024,1,7,6,1,0,1,0,0,0,0,1,0,0,0
164.37,30,115.06,2024,2,18,6,1,0,0,0,0,0,1,0,0,1,0
99.36,5,94.39,2024,8,16,4,0,0,0,0,0,0,0,0,0,1,0
351.99,10,316.79,2024,9,17,1,0,0,0,0,0,1,0,0,0,1,0
365.39,5,347.12,2024,7,15,0,0,1,0,0,0,0,0,1,0,0,0
12.32,10,11.09,2024,1,22,0,0,0,0,0,0,0,1,0,0,0,0
355.88,5,338.09,2024,1,22,0,0,0,0,0,0,1,0,0,0,0,1
462.7,15,393.29,2024,9,25,2,0,0,0,0,0,0,0,0,1,0,0
308.66,5,293.23,2024,10,25,4,0,0,1,0,0,0,0,0,0,0,1
155.2,30,108.64,2024,5,3,4,0,0,0,0,0,1,0,1,0,0,0
143.63,25,107.72,2024,1,16,1,0,0,0,0,0,0,0,0,1,0,0
23.78,5,22.59,2024,4,29,0,0,0,1,0,0,0,0,0,0,1,0
365.38,50,182.69,2024,8,2,4,0,0,0,1,0,0,0,0,0,0,1
156.89,50,78.44,2024,8,2,4,0,0,0,0,0,1,0,0,0,0,1
429.37,50,214.69,2024,10,31,3,0,1,0,0,0,0,0,1,0,0,0
197.66,15,168.01,2024,10,4,4,0,0,0,0,1,0,0,0,0,0,1
167.31,20,133.85,2024,1,10,2,0,0,0,0,0,0,0,0,0,0,0
494.3,20,395.44,2024,1,12,4,0,0,0,0,0,0,1,0,0,0,0
115.09,10,103.58,2024,8,16,4,0,0,0,0,1,0,0,0,1,0,0
140.42,0,140.42,2024,5,28,1,0,0,0,0,0,1,0,0,0,0,0
263.55,50,131.78,2024,11,10,6,1,0,0,0,1,0,0,0,1,0,0
23.62,15,20.08,2024,4,22,0,0,0,0,0,1,0,0,0,0,0,1
181.26,50,90.63,2024,6,26,2,0,0,1,0,0,0,0,0,0,0,0
389.82,25,292.37,2024,8,25,6,1,1,0,0,0,0,0,0,0,0,1
347.3,0,347.3,2024,7,10,2,0,0,0,0,0,1,0,0,0,0,1
73.29,0,73.29,2024,9,1,6,1,1,0,0,0,0,0,0,0,0,1
308.09,0,308.09,2024,3,11,0,0,0,0,1,0,0,0,1,0,0,0
341.04,10,306.94,2024,1,10,2,0,0,1,0,0,0,0,0,1,0,0
268.87,10,241.98,2024,9,9,0,0,0,1,0,0,0,0,0,1,0,0
30.54,25,22.91,2024,5,4,5,1,0,0,1,0,0,0,0,1,0,0
326.97,20,261.58,2024,5,24,4,0,0,0,0,0,0,1,1,0,0,0
143.47,25,107.6,2024,6,7,4,0,0,0,0,0,1,0,0,1,0,0
243.15,50,121.58,2024,10,15,1,0,1,0,0,0,0,0,0,1,0,0
422.47,15,359.1,2024,10,27,6,1,0,0,0,1,0,0,0,1,0,0
243.06,10,218.75,2024,8,3,5,1,1,0,0,0,0,0,0,0,0,1
179.92,25,134.94,2024,1,7,6,1,0,0,0,1,0,0,0,0,1,0
95.75,5,90.96,2024,5,10,4,0,1,0,0,0,0,0,0,0,0,1
398.4,10,358.56,2024,6,10,0,0,0,0,1,0,0,0,0,1,0,0
447.35,0,447.35,2024,5,13,0,0,0,0,0,0,0,1,0,0,1,0
481.84,5,457.75,2024,8,29,3,0,0,0,0,1,0,0,0,0,0,1
112.69,15,95.79,2024,3,13,2,0,0,0,0,0,0,1,1,0,0,0
466.59,50,233.29,2024,4,19,4,0,0,0,1,0,0,0,0,0,1,0
37.83,5,35.94,2024,10,12,5,1,0,0,0,0,0,1,1,0,0,0
197.76,0,197.76,2024,10,28,0,0,0,0,0,0,0,0,0,1,0,0
308.9,30,216.23,2024,4,14,6,1,0,0,0,0,1,0,0,0,0,0
169.15,0,169.15,2024,3,17,6,1,0,0,0,1,0,0,0,1,0,0
220.98,30,154.69,2024,5,23,3,0,0,0,0,0,1,0,0,0,1,0
218.58,5,207.65,2024,8,6,1,0,0,0,0,1,0,0,0,1,0,0
259.42,20,207.54,2024,4,5,4,0,0,1,0,0,0,0,0,0,0,0
369.33,5,350.86,2024,6,30,6,1,0,0,0,0,0,1,0,0,0,1
424.82,50,212.41,2024,1,31,2,0,0,0,1,0,0,0,0,0,0,0
426.82,20,341.46,2024,3,29,4,0,0,0,0,0,1,0,1,0,0,0
50.89,20,40.71,2024,6,20,3,0,0,1,0,0,0,0,1,0,0,0
362.6,20,290.08,2024,5,17,4,0,0,0,0,0,0,1,0,0,0,0
150.55,25,112.91,2024,1,15,0,0,0,1,0,0,0,0,0,0,0,0
48.18,50,24.09,2024,10,1,1,0,0,0,0,0,0,0,0,0,0,0
138.64,20,110.91,2024,10,8,1,0,0,0,0,0,0,0,1,0,0,0
274.22,25,205.67,2024,3,19,1,0,0,0,1,0,0,0,0,0,1,0
327.53,30,229.27,2024,2,1,3,0,0,0,0,0,0,0,1,0,0,0
477.1,15,405.54,2024,11,16,5,1,0,1,0,0,0,0,0,0,0,0
213.97,50,106.98,2024,10,25,4,0,0,0,0,0,0,0,0,0,0,1
305.91,20,244.73,2024,9,11,2,0,0,0,0,0,1,0,0,1,0,0
109.77,10,98.79,2024,11,16,5,1,1,0,0,0,0,0,1,0,0,0
42.93,0,42.93,2024,11,4,0,0,0,0,0,0,0,0,0,0,0,1
387.69,25,290.77,2024,9,19,3,0,1,0,0,0,0,0,0,0,1,0
64.68,30,45.28,2024,7,14,6,1,0,0,0,0,1,0,1,0,0,0
55.0,15,46.75,2024,10,11,4,0,0,0,0,1,0,0,0,0,0,1
261.36,10,235.22,2024,7,23,1,0,0,0,0,0,0,1,1,0,0,0
415.54,10,373.99,2024,3,5,1,0,0,0,0,1,0,0,0,0,0,0
291.5,25,218.62,2024,8,18,6,1,0,0,0,0,1,0,0,0,1,0
56.4,5,53.58,2024,8,30,4,0,1,0,0,0,0,0,0,1,0,0
63.96,5,60.76,2024,9,15,6,1,0,0,0,0,0,1,0,0,0,1
246.62,0,246.62,2024,5,31,4,0,0,0,0,1,0,0,0,1,0,0
61.7,5,58.62,2024,2,24,5,1,1,0,0,0,0,0,0,0,0,1
434.51,15,369.33,2024,7,15,0,0,1,0,0,0,0,0,1,0,0,0
350.78,10,315.7,2024,6,24,0,0,0,1,0,0,0,0,0,1,0,0
137.81,10,124.03,2024,10,27,6,1,1,0,0,0,0,0,0,1,0,0
18.74,5,17.8,2024,9,19,3,0,0,0,0,0,0,0,0,1,0,0
457.22,5,434.36,2024,10,2,2,0,0,0,0,0,0,1,0,0,1,0
233.57,0,233.57,2024,8,18,6,1,0,0,0,0,0,1,0,0,0,0
136.96,25,102.72,2024,10,31,3,0,0,0,1,0,0,0,0,0,0,1
440.6,25,330.45,2024,5,2,3,0,0,1,0,0,0,0,0,0,0,1
267.99,5,254.59,2024,11,3,6,1,0,0,1,0,0,0,0,0,0,0
80.57,25,60.43,2024,4,28,6,1,0,0,0,0,0,0,0,0,1,0
417.36,0,417.36,2024,2,14,2,0,0,0,0,0,1,0,0,0,0,0
294.52,10,265.07,2024,1,24,2,0,0,0,1,0,0,0,0,0,1,0
375.0,20,300.0,2024,3,3,6,1,0,0,0,0,1,0,0,0,0,1
60.63,25,45.47,2024,3,21,3,0,0,0,0,0,1,0,0,0,0,1
214.26,10,192.83,2024,1,24,2,0,0,1,0,0,0,0,0,0,0,0
131.08,50,65.54,2024,4,22,0,0,0,0,0,1,0,0,0,0,1,0
395.41,10,355.87,2024,8,13,1,0,0,1,0,0,0,0,0,0,0,0
477.0,25,357.75,2024,7,29,0,0,0,0,1,0,0,0,1,0,0,0
314.34,50,157.17,2024,3,12,1,0,0,0,1,0,0,0,1,0,0,0
232.51,20,186.01,2024,2,15,3,0,0,1,0,0,0,0,0,1,0,0
306.61,20,245.29,2024,5,3,4,0,1,0,0,0,0,0,0,0,1,0
271.74,30,190.22,2024,3,23,5,1,0,0,0,0,0,0,0,0,0,0
363.52,30,254.46,2024,2,8,3,0,0,0,0,0,1,0,0,0,1,0
304.33,50,152.16,2024,1,1,0,0,0,0,1,0,0,0,1,0,0,0
403.2,10,362.88,2024,1,20,5,1,0,0,0,0,0,0,0,1,0,0
317.23,30,222.06,2024,6,19,2,0,0,0,1,0,0,0,0,0,0,1
325.63,50,162.81,2024,4,14,6,1,0,0,0,1,0,0,0,1,0,0
443.94,5,421.74,2024,5,11,5,1,0,0,1,0,0,0,0,0,0,0
105.16,5,99.9,2024,8,27,1,0,1,0,0,0,0,0,0,0,1,0
95.11,20,76.09,2024,9,21,5,1,0,0,0,1,0,0,0,0,0,0
231.11,20,184.89,2024,11,13,2,0,0,0,0,0,0,1,0,0,0,1
89.92,50,44.96,2024,1,23,1,0,0,0,0,1,0,0,0,0,1,0
293.2,50,146.6,2024,2,16,4,0,0,0,0,1,0,0,0,0,1,0
171.28,30,119.9,2024,10,30,2,0,0,0,1,0,0,0,0,1,0,0
476.57,5,452.74,2024,9,23,0,0,0,0,0,0,0,0,1,0,0,0
323.84,30,226.69,2024,2,16,4,0,0,0,0,0,1,0,0,1,0,0
430.99,30,301.69,2024,7,15,0,0,0,0,0,0,1,0,1,0,0,0
74.43,15,63.27,2024,2,27,1,0,0,0,0,1,0,0,0,0,0,0
390.11,0,390.11,2024,3,24,6,1,0,1,0,0,0,0,0,0,1,0
311.55,25,233.66,2024,1,7,6,1,0,0,0,0,0,0,1,0,0,0
136.17,10,122.55,2024,6,15,5,1,0,0,0,0,0,1,0,0,1,0
290.57,5,276.04,2024,11,6,2,0,0,0,0,0,0,0,0,0,0,0
465.37,50,232.69,2024,9,4,2,0,0,0,0,0,0,0,1,0,0,0
98.93,0,98.93,2024,10,30,2,0,0,0,0,1,0,0,0,0,0,1
468.2,10,421.38,2024,11,9,5,1,0,0,0,0,1,0,1,0,0,0
146.93,20,117.54,2024,10,10,3,0,1,0,0,0,0,0,0,1,0,0
481.22,5,457.16,2024,11,5,1,0,0,0,0,0,0,1,0,1,0,0
51.83,50,25.91,2024,10,11,4,0,0,0,0,1,0,0,0,1,0,0
221.27,30,154.89,2024,8,9,4,0,1,0,0,0,0,0,0,0,0,0
39.97,20,31.98,2024,6,11,1,0,0,1,0,0,0,0,0,0,0,0
219.61,15,186.67,2024,3,20,2,0,0,0,0,0,0,0,0,0,1,0
153.68,25,115.26,2024,7,21,6,1,0,0,0,0,1,0,0,0,0,1
393.56,25,295.17,2024,7,21,6,1,0,1,0,0,0,0,0,0,1,0
27.49,20,21.99,2024,5,2,3,0,0,1,0,0,0,0,0,0,1,0
279.28,5,265.32,2024,6,2,6,1,0,0,0,1,0,0,1,0,0,0
77.45,20,61.96,2024,5,14,1,0,0,0,1,0,0,0,0,0,0,0
226.49,10,203.84,2024,10,4,4,0,0,0,0,0,1,0,0,1,0,0
111.14,0,111.14,2024,3,28,3,0,0,0,0,0,0,0,0,0,0,0
323.64,50,161.82,2024,2,5,0,0,0,0,0,0,1,0,0,1,0,0
235.75,20,188.6,2024,8,8,3,0,1,0,0,0,0,0,0,0,0,0
40.1,5,38.09,2024,1,4,3,0,0,0,0,1,0,0,0,0,0,0
379.07,20,303.26,2024,10,3,3,0,0,0,0,1,0,0,0,0,1,0
25.28,5,24.02,2024,8,30,4,0,0,0,1,0,0,0,0,0,1,0
340.18,20,272.14,2024,2,5,0,0,0,0,0,0,0,1,0,0,0,0
10.37,5,9.85,2024,10,16,2,0,0,0,0,1,0,0,1,0,0,0
334.28,30,234.0,2024,3,7,3,0,0,1,0,0,0,0,1,0,0,0
160.13,15,136.11,2024,1,27,5,1,0,0,0,0,0,0,0,0,0,1
223.01,25,167.26,2024,9,10,1,0,0,0,0,0,1,0,0,0,0,1
330.76,10,297.68,2024,11,11,0,0,0,1,0,0,0,0,0,1,0,0
345.47,25,259.1,2024,1,29,0,0,0,0,0,0,1,0,0,0,0,0
404.19,15,343.56,2024,2,28,2,0,1,0,0,0,0,0,0,0,1,0
328.44,10,295.6,2024,9,28,5,1,0,1,0,0,0,0,1,0,0,0
152.84,5,145.2,2024,4,25,3,0,1,0,0,0,0,0,0,0,0,0
353.96,10,318.56,2024,5,31,4,0,0,0,0,0,1,0,0,0,0,0
151.55,10,136.4,2024,11,13,2,0,0,1,0,0,0,0,0,0,1,0
412.92,50,206.46,2024,3,7,3,0,0,1,0,0,0,0,0,0,0,0
326.52,10,293.87,2024,3,2,5,1,0,1,0,0,0,0,0,0,0,0
198.45,25,148.84,2024,5,23,3,0,0,0,1,0,0,0,0,0,0,0
132.31,10,119.08,2024,10,18,4,0,0,0,1,0,0,0,1,0,0,0
359.46,50,179.73,2024,2,23,4,0,0,0,1,0,0,0,0,1,0,0
466.36,25,349.77,2024,9,13,4,0,1,0,0,0,0,0,0,0,0,1
368.62,25,276.47,2024,3,20,2,0,0,0,0,0,0,0,0,1,0,0
374.41,20,299.53,2024,6,27,3,0,0,0,0,1,0,0,0,1,0,0
408.46,50,204.23,2024,10,30,2,0,0,0,1,0,0,0,0,0,0,1
252.68,0,252.68,2024,8,13,1,0,0,0,0,0,0,1,0,0,0,1
302.72,50,151.36,2024,10,7,0,0,1,0,0,0,0,0,0,0,0,1
335.31,25,251.48,2024,9,13,4,0,0,0,1,0,0,0,0,0,1,0
253.05,20,202.44,2024,5,19,6,1,1,0,0,0,0,0,0,0,1,0
482.4,50,241.2,2024,4,7,6,1,0,0,0,0,1,0,0,1,0,0
384.44,10,346.0,2024,9,16,0,0,0,0,0,0,0,0,0,0,0,1
340.43,30,238.3,2024,6,1,5,1,0,0,0,0,0,1,0,0,0,0
323.46,10,291.11,2024,7,3,2,0,0,0,0,0,0,1,0,1,0,0
495.35,30,346.75,2024,5,15,2,0,0,1,0,0,0,0,0,1,0,0
422.7,0,422.7,2024,9,20,4,0,0,0,0,0,0,1,0,1,0,0
183.06,30,128.14,2024,8,11,6,1,1,0,0,0,0,0,0,0,0,0
439.67,50,219.84,2024,5,14,1,0,0,0,0,0,1,0,0,1,0,0
40.86,30,28.6,2024,7,21,6,1,0,0,1,0,0,0,1,0,0,0
131.99,50,66.0,2024,9,26,3,0,1,0,0,0,0,0,0,0,0,1
264.43,0,264.43,2024,2,11,6,1,0,1,0,0,0,0,0,0,0,1
152.63,30,106.84,2024,7,16,1,0,0,0,0,0,1,0,0,1,0,0
435.67,0,435.67,2024,11,5,1,0,0,0,0,0,0,1,0,1,0,0
458.34,0,458.34,2024,10,21,0,0,1,0,0,0,0,0,0,0,0,1
201.3,5,191.24,2024,3,19,1,0,0,0,1,0,0,0,0,0,1,0
221.53,30,155.07,2024,10,16,2,0,0,0,0,0,0,1,0,0,0,1
475.5,10,427.95,2024,11,7,3,0,0,0,0,0,1,0,0,0,0,0
293.84,15,249.76,2024,9,4,2,0,0,0,0,0,0,0,0,0,0,1
367.27,25,275.45,2024,8,21,2,0,0,0,0,0,1,0,0,0,0,1
89.92,25,67.44,2024,8,9,4,0,0,0,0,0,0,0,1,0,0,0
422.91,10,380.62,2024,4,28,6,1,0,0,1,0,0,0,0,1,0,0
276.94,50,138.47,2024,6,8,5,1,0,0,1,0,0,0,1,0,0,0
408.28,25,306.21,2024,7,23,1,0,0,0,0,1,0,0,0,0,0,1
146.46,5,139.14,2024,7,14,6,1,0,0,1,0,0,0,0,0,1,0
389.59,10,350.63,2024,8,8,3,0,0,0,0,1,0,0,1,0,0,0
273.61,30,191.53,2024,2,2,4,0,0,0,1,0,0,0,0,0,0,1
373.25,10,335.93,2024,4,16,1,0,0,0,0,0,1,0,1,0,0,0
120.24,30,84.17,2024,8,31,5,1,0,0,0,1,0,0,1,0,0,0
195.46,0,195.46,2024,6,28,4,0,0,0,0,0,1,0,0,0,0,1
18.99,5,18.04,2024,4,4,3,0,0,0,0,0,1,0,0,1,0,0
124.31,50,62.16,2024,6,19,2,0,1,0,0,0,0,0,0,0,0,1
233.95,10,210.56,2024,8,9,4,0,0,1,0,0,0,0,0,0,0,0
291.38,10,262.24,2024,9,13,4,0,0,0,0,0,0,1,0,1,0,0
108.86,5,103.42,2024,10,21,0,0,0,0,1,0,0,0,0,1,0,0
201.42,20,161.14,2024,5,28,1,0,0,0,0,0,0,0,0,0,0,1
129.48,15,110.06,2024,11,19,1,0,0,0,0,1,0,0,1,0,0,0
475.59,20,380.47,2024,10,14,0,0,0,0,0,0,0,0,0,0,1,0
471.4,30,329.98,2024,8,31,5,1,0,0,0,0,1,0,0,1,0,0
279.07,10,251.16,2024,3,3,6,1,1,0,0,0,0,0,0,1,0,0
373.45,30,261.41,2024,2,29,3,0,0,0,0,1,0,0,1,0,0,0
89.77,10,80.79,2024,9,14,5,1,0,1,0,0,0,0,1,0,0,0
102.51,20,82.01,2024,2,17,5,1,0,0,0,0,1,0,0,0,0,0
246.87,10,222.18,2024,8,9,4,0,0,0,0,0,1,0,0,0,0,1
163.15,5,154.99,2024,5,24,4,0,0,0,0,0,1,0,0,0,0,1
221.52,30,155.06,2024,11,8,4,0,1,0,0,0,0,0,0,0,0,0
411.81,5,391.22,2024,5,9,3,0,0,0,1,0,0,0,0,0,0,0
466.18,0,466.18,2024,2,9,4,0,0,1,0,0,0,0,0,0,0,1
446.49,50,223.25,2024,6,23,6,1,0,0,0,0,0,1,0,0,1,0
259.36,5,246.39,2024,4,22,0,0,0,0,0,0,0,0,0,0,0,1
261.74,30,183.22,2024,9,24,1,0,0,1,0,0,0,0,0,0,0,0
226.02,5,214.72,2024,2,23,4,0,0,0,0,0,0,0,0,0,1,0
149.94,20,119.95,2024,8,21,2,0,0,0,1,0,0,0,0,0,0,1
44.18,30,30.93,2024,2,11,6,1,1,0,0,0,0,0,0,0,0,0
94.83,0,94.83,2024,7,19,4,0,0,0,1,0,0,0,1,0,0,0
313.21,30,219.25,2024,11,11,0,0,0,0,0,0,1,0,0,1,0,0
249.86,50,124.93,2024,8,18,6,1,0,1,0,0,0,0,0,1,0,0
250.31,50,125.16,2024,4,8,0,0,0,0,0,0,1,0,1,0,0,0
330.56,15,280.98,2024,4,11,3,0,0,0,0,0,1,0,0,0,1,0
377.06,5,358.21,2024,8,11,6,1,0,1,0,0,0,0,1,0,0,0
337.91,5,321.01,2024,5,3,4,0,0,0,0,0,0,1,0,0,1,0
52.16,10,46.94,2024,2,25,6,1,0,0,0,0,0,1,0,0,0,0
95.61,30,66.93,2024,8,11,6,1,0,0,0,0,0,1,0,0,0,0
155.98,20,124.78,2024,5,14,1,0,0,0,0,0,1,0,1,0,0,0
18.56,15,15.78,2024,10,20,6,1,0,0,1,0,0,0,0,0,0,0
26.86,15,22.83,2024,10,22,1,0,0,0,1,0,0,0,0,1,0,0
202.35,30,141.64,2024,6,21,4,0,0,0,0,1,0,0,0,0,0,1
263.22,15,223.74,2024,8,22,3,0,0,0,1,0,0,0,0,1,0,0
298.79,15,253.97,2024,3,3,6,1,0,1,0,0,0,0,0,1,0,0
457.07,0,457.07,2024,1,17,2,0,0,1,0,0,0,0,0,0,0,0
442.46,0,442.46,2024,11,5,1,0,0,0,1,0,0,0,0,0,1,0
255.81,50,127.91,2024,3,12,1,0,0,0,1,0,0,0,1,0,0,0
32.89,0,32.89,2024,10,8,1,0,0,0,1,0,0,0,1,0,0,0
251.88,10,226.69,2024,1,23,1,0,0,1,0,0,0,0,0,0,0,0
120.68,15,102.58,2024,9,9,0,0,0,0,1,0,0,0,0,0,0,0
30.21,10,27.19,2024,10,10,3,0,0,0,0,0,1,0,1,0,0,0
246.17,5,233.86,2024,8,11,6,1,1,0,0,0,0,0,1,0,0,0
329.85,10,296.87,2024,6,25,1,0,0,0,0,0,0,1,1,0,0,0
437.06,0,437.06,2024,7,31,2,0,0,0,0,0,0,1,0,1,0,0
204.0,5,193.8,2024,8,31,5,1,0,0,0,1,0,0,0,0,0,0
207.44,20,165.95,2024,2,18,6,1,1,0,0,0,0,0,0,0,0,1
463.6,25,347.7,2024,3,16,5,1,0,0,0,1,0,0,1,0,0,0
359.03,25,269.27,2024,10,15,1,0,0,0,0,1,0,0,0,1,0,0
384.7,15,327.0,2024,10,8,1,0,1,0,0,0,0,0,0,1,0,0
298.02,25,223.51,2024,5,15,2,0,0,0,1,0,0,0,1,0,0,0
400.84,10,360.76,2024,4,12,4,0,0,1,0,0,0,0,1,0,0,0
464.71,50,232.35,2024,8,3,5,1,0,0,1,0,0,0,0,0,0,1
16.11,15,13.69,2024,6,5,2,0,0,0,0,0,0,0,0,0,0,0
484.74,30,339.32,2024,1,18,3,0,1,0,0,0,0,0,0,0,0,0
365.33,5,347.06,2024,3,11,0,0,0,0,0,0,0,1,1,0,0,0
176.01,0,176.01,2024,7,9,1,0,0,0,1,0,0,0,0,1,0,0
464.89,50,232.44,2024,10,4,4,0,0,1,0,0,0,0,0,0,1,0
401.8,10,361.62,2024,11,20,2,0,0,1,0,0,0,0,0,0,1,0
210.96,15,179.32,2024,2,15,3,0,0,1,0,0,0,0,0,1,0,0
67.54,20,54.03,2024,1,9,1,0,0,0,0,0,0,1,1,0,0,0
31.73,5,30.14,2024,9,29,6,1,1,0,0,0,0,0,0,0,0,0
298.26,20,238.61,2024,3,4,0,0,0,0,1,0,0,0,0,1,0,0
247.86,20,198.29,2024,6,1,5,1,0,0,0,0,1,0,0,0,0,1
362.83,30,253.98,2024,4,19,4,0,0,1,0,0,0,0,0,1,0,0
476.64,50,238.32,2024,5,17,4,0,1,0,0,0,0,0,0,0,0,0
388.38,5,368.96,2024,2,13,1,0,0,0,0,0,1,0,0,0,0,0
337.33,15,286.73,2024,10,11,4,0,0,0,0,0,1,0,0,0,0,1
494.14,50,247.07,2024,11,5,1,0,1,0,0,0,0,0,0,0,0,1
455.94,30,319.16,2024,3,29,4,0,0,0,0,0,1,0,0,0,1,0
221.53,0,221.53,2024,8,5,0,0,0,0,0,0,0,0,0,1,0,0
461.56,20,369.25,2024,9,1,6,1,1,0,0,0,0,0,0,0,1,0
168.59,20,134.87,2024,6,3,0,0,0,0,1,0,0,0,1,0,0,0
482.74,5,458.6,2024,5,30,3,0,0,1,0,0,0,0,0,0,1,0
200.93,30,140.65,2024,2,6,1,0,1,0,0,0,0,0,0,0,0,0
18.84,0,18.84,2024,6,17,0,0,0,1,0,0,0,0,1,0,0,0
109.89,15,93.41,2024,4,13,5,1,0,0,0,1,0,0,0,0,0,1
98.61,0,98.61,2024,3,28,3,0,0,0,1,0,0,0,0,0,1,0
459.61,10,413.65,2024,6,1,5,1,0,0,1,0,0,0,0,1,0,0
28.61,10,25.75,2024,4,17,2,0,0,0,1,0,0,0,0,1,0,0
378.85,20,303.08,2024,5,18,5,1,0,0,0,0,0,1,0,0,0,1
78.87,5,74.93,2024,6,25,1,0,0,0,0,0,0,0,0,1,0,0
362.99,15,308.54,2024,7,7,6,1,0,0,0,0,0,0,1,0,0,0
198.38,25,148.78,2024,3,9,5,1,0,0,0,0,1,0,1,0,0,0
471.66,5,448.08,2024,6,13,3,0,1,0,0,0,0,0,1,0,0,0
68.68,30,48.08,2024,10,7,0,0,0,1,0,0,0,0,0,0,0,1
289.83,10,260.85,2024,6,17,0,0,1,0,0,0,0,0,1,0,0,0
343.43,25,257.57,2024,3,10,6,1,0,0,0,0,1,0,1,0,0,0
196.34,5,186.52,2024,3,21,3,0,0,0,0,0,0,1,0,0,1,0
183.04,30,128.13,2024,5,30,3,0,1,0,0,0,0,0,0,0,0,1
182.28,20,145.82,2024,9,9,0,0,0,0,0,0,1,0,0,0,0,1
329.94,15,280.45,2024,7,25,3,0,0,0,0,0,0,1,0,1,0,0
50.63,50,25.32,2024,5,21,1,0,0,0,0,1,0,0,0,0,0,0
40.61,30,28.43,2024,9,20,4,0,0,0,0,0,1,0,0,1,0,0
73.19,30,51.23,2024,6,15,5,1,0,0,0,1,0,0,0,0,0,0
140.84,25,105.63,2024,3,4,0,0,0,0,1,0,0,0,0,0,0,1
460.17,15,391.14,2024,11,17,6,1,0,1,0,0,0,0,0,0,0,1
248.71,15,211.4,2024,6,28,4,0,0,0,0,0,0,1,0,0,0,0
33.88,10,30.49,2024,3,12,1,0,0,0,1,0,0,0,1,0,0,0
464.05,20,371.24,2024,5,7,1,0,1,0,0,0,0,0,1,0,0,0
180.19,30,126.13,2024,8,21,2,0,0,0,1,0,0,0,0,0,0,1
329.78,10,296.8,2024,9,20,4,0,0,0,0,0,0,0,0,1,0,0
336.05,30,235.23,2024,3,9,5,1,0,0,0,0,1,0,0,0,0,1
95.06,5,90.31,2024,6,15,5,1,0,0,0,0,0,1,0,0,0,0
94.97,30,66.48,2024,7,2,1,0,0,0,0,0,0,0,0,0,0,1
443.0,5,420.85,2024,5,13,0,0,0,0,0,0,0,0,0,0,0,1
230.09,15,195.58,2024,1,11,3,0,0,0,0,0,1,0,1,0,0,0
65.75,0,65.75,2024,7,28,6,1,0,0,0,0,0,1,1,0,0,0
116.39,25,87.29,2024,2,20,1,0,0,1,0,0,0,0,0,0,1,0
315.16,50,157.58,2024,6,22,5,1,1,0,0,0,0,0,0,0,1,0
133.14,25,99.85,2024,11,4,0,0,0,0,0,0,1,0,0,0,0,1
167.4,10,150.66,2024,9,10,1,0,0,0,0,1,0,0,0,0,0,0
43.48,25,32.61,2024,8,23,4,0,0,1,0,0,0,0,0,0,0,1
14.54,5,13.81,2024,4,26,4,0,0,0,1,0,0,0,0,0,1,0
302.08,25,226.56,2024,4,8,0,0,0,0,0,0,1,0,0,0,0,1
474.64,5,450.91,2024,9,30,0,0,0,0,0,1,0,0,0,0,0,0
496.29,15,421.85,2024,9,22,6,1,0,0,0,0,0,1,0,0,1,0
397.3,50,198.65,2024,10,31,3,0,0,0,1,0,0,0,0,0,0,1
284.26,50,142.13,2024,10,16,2,0,0,0,0,0,0,0,0,1,0,0
146.22,50,73.11,2024,3,31,6,1,0,0,0,0,0,1,0,1,0,0
134.41,20,107.53,2024,5,7,1,0,0,0,0,0,0,0,1,0,0,0
277.93,50,138.97,2024,4,23,1,0,0,0,0,0,0,1,0,0,1,0
175.25,30,122.67,2024,10,6,6,1,0,0,0,0,0,1,1,0,0,0
12.14,15,10.32,2024,5,13,0,0,0,0,0,0,0,1,1,0,0,0
333.82,30,233.67,2024,10,2,2,0,1,0,0,0,0,0,0,0,1,0
125.36,30,87.75,2024,10,13,6,1,1,0,0,0,0,0,0,1,0,0
109.9,15,93.42,2024,7,24,2,0,0,0,1,0,0,0,1,0,0,0
473.91,30,331.74,2024,10,13,6,1,0,1,0,0,0,0,1,0,0,0
294.36,50,147.18,2024,7,20,5,1,0,0,1,0,0,0,0,0,0,0
460.68,10,414.61,2024,2,7,2,0,0,1,0,0,0,0,1,0,0,0
362.96,10,326.66,2024,9,30,0,0,0,0,0,1,0,0,0,1,0,0
95.3,5,90.53,2024,9,1,6,1,0,0,0,0,0,0,0,0,1,0
259.1,0,259.1,2024,6,12,2,0,1,0,0,0,0,0,1,0,0,0
205.38,30,143.77,2024,6,23,6,1,1,0,0,0,0,0,0,1,0,0
370.12,10,333.11,2024,1,14,6,1,0,1,0,0,0,0,0,0,0,0
97.7,15,83.05,2024,1,20,5,1,0,0,0,1,0,0,0,0,0,0
306.03,50,153.01,2024,2,23,4,0,0,0,0,1,0,0,0,0,0,0
72.75,20,58.2,2024,4,12,4,0,0,0,0,0,0,1,0,1,0,0
186.26,20,149.01,2024,11,16,5,1,0,1,0,0,0,0,0,0,0,1
16.7,50,8.35,2024,3,10,6,1,0,0,0,0,0,1,0,0,0,0
191.15,50,95.58,2024,6,13,3,0,0,0,0,0,0,1,0,0,0,1
232.55,25,174.41,2024,6,12,2,0,0,0,0,0,1,0,0,0,0,0
234.62,15,199.43,2024,4,18,3,0,0,0,0,1,0,0,1,0,0,0
31.72,20,25.38,2024,6,29,5,1,0,0,1,0,0,0,0,0,0,1
159.29,0,159.29,2024,7,21,6,1,0,0,1,0,0,0,0,0,0,0
30.68,50,15.34,2024,9,8,6,1,0,1,0,0,0,0,0,0,0,0
285.83,10,257.25,2024,6,27,3,0,1,0,0,0,0,0,0,0,0,1
311.67,15,264.92,2024,10,1,1,0,0,1,0,0,0,0,0,0,1,0
277.94,5,264.04,2024,9,4,2,0,0,0,1,0,0,0,0,1,0,0
368.42,20,294.74,2024,7,13,5,1,1,0,0,0,0,0,0,0,0,1
379.22,15,322.34,2024,7,17,2,0,0,0,0,1,0,0,0,0,1,0
265.27,25,198.95,2024,2,28,2,0,0,0,1,0,0,0,1,0,0,0
369.05,5,350.6,2024,6,26,2,0,0,0,0,1,0,0,0,1,0,0
493.7,20,394.96,2024,3,13,2,0,0,0,0,0,0,0,0,0,0,0
499.65,10,449.69,2024,7,25,3,0,0,0,0,0,0,0,0,1,0,0
31.78,15,27.01,2024,6,2,6,1,0,0,0,0,0,0,0,1,0,0
145.1,25,108.82,2024,1,9,1,0,0,0,0,0,0,1,0,0,0,1
163.27,25,122.45,2024,7,22,0,0,0,0,0,0,0,1,0,0,0,1
223.69,20,178.95,2024,9,2,0,0,0,0,0,0,0,1,1,0,0,0
417.94,0,417.94,2024,4,2,1,0,0,0,0,0,0,0,0,0,0,0
270.76,30,189.53,2024,2,8,3,0,0,0,0,1,0,0,0,0,0,0
497.52,50,248.76,2024,3,26,1,0,0,0,0,0,0,0,0,0,0,1
348.59,5,331.16,2024,9,19,3,0,0,0,0,0,1,0,0,0,0,1
362.5,10,326.25,2024,9,10,1,0,0,0,1,0,0,0,1,0,0,0
411.6,30,288.12,2024,11,12,1,0,0,0,0,1,0,0,0,1,0,0
206.82,30,144.77,2024,6,13,3,0,1,0,0,0,0,0,0,0,0,0
161.64,0,161.64,2024,10,13,6,1,1,0,0,0,0,0,0,0,1,0
27.22,20,21.78,2024,9,3,1,0,0,0,0,0,1,0,0,1,0,0
310.78,5,295.24,2024,2,10,5,1,0,0,0,0,0,0,0,0,0,0
227.18,5,215.82,2024,9,15,6,1,0,0,0,0,0,1,0,0,1,0
383.65,15,326.1,2024,5,20,0,0,0,0,0,1,0,0,0,0,1,0
153.01,10,137.71,2024,3,12,1,0,0,0,0,1,0,0,0,0,1,0
202.59,30,141.81,2024,8,27,1,0,0,0,0,0,1,0,0,0,1,0
464.92,15,395.18,2024,2,16,4,0,0,0,1,0,0,0,0,0,0,0
241.52,5,229.44,2024,7,7,6,1,0,0,0,0,0,1,0,1,0,0
153.55,30,107.48,2024,1,5,4,0,0,1,0,0,0,0,0,0,0,0
52.37,50,26.18,2024,9,17,1,0,0,0,1,0,0,0,0,1,0,0
83.47,20,66.78,2024,1,28,6,1,0,0,0,0,0,0,0,0,0,0
56.54,50,28.27,2024,9,30,0,0,0,1,0,0,0,0,0,1,0,0
200.97,25,150.73,2024,2,19,0,0,1,0,0,0,0,0,0,0,0,1
458.08,10,412.27,2024,4,6,5,1,0,0,1,0,0,0,0,0,0,1
284.25,20,227.4,2024,4,19,4,0,0,0,0,1,0,0,0,0,1,0
329.64,15,280.19,2024,1,1,0,0,0,0,0,0,0,0,1,0,0,0
407.43,5,387.06,2024,8,28,2,0,1,0,0,0,0,0,0,0,0,0
141.16,5,134.1,2024,2,23,4,0,0,1,0,0,0,0,1,0,0,0
291.79,20,233.43,2024,2,27,1,0,0,0,0,0,0,0,0,0,1,0
211.17,50,105.58,2024,7,7,6,1,0,0,1,0,0,0,0,0,0,1
461.66,20,369.33,2024,10,6,6,1,0,1,0,0,0,0,1,0,0,0
71.33,20,57.06,2024,4,10,2,0,0,0,0,0,1,0,0,0,0,0
208.52,15,177.24,2024,3,12,1,0,0,0,0,0,1,0,0,0,0,1
251.47,25,188.6,2024,4,13,5,1,0,0,0,0,0,1,0,0,1,0
249.57,50,124.78,2024,7,27,5,1,0,0,0,0,1,0,0,1,0,0
327.6,30,229.32,2024,10,2,2,0,0,0,0,1,0,0,1,0,0,0
79.12,50,39.56,2024,1,8,0,0,0,0,0,1,0,0,1,0,0,0
419.33,20,335.46,2024,3,22,4,0,0,0,0,0,0,0,0,0,1,0
485.37,15,412.56,2024,10,23,2,0,0,0,0,0,1,0,0,0,0,1
381.37,20,305.1,2024,7,7,6,1,0,0,1,0,0,0,0,1,0,0
43.97,10,39.57,2024,7,23,1,0,0,0,1,0,0,0,0,0,1,0
18.83,25,14.12,2024,10,18,4,0,0,0,0,0,1,0,0,0,0,0
407.91,10,367.12,2024,6,18,1,0,0,0,0,0,1,0,1,0,0,0
242.01,50,121.0,2024,5,20,0,0,0,0,1,0,0,0,0,0,1,0
284.88,30,199.42,2024,3,27,2,0,0,0,0,0,0,1,1,0,0,0
277.39,20,221.91,2024,6,23,6,1,1,0,0,0,0,0,0,0,0,1
93.6,0,93.6,2024,1,5,4,0,0,0,1,0,0,0,0,0,0,1
300.06,0,300.06,2024,4,20,5,1,0,0,1,0,0,0,0,0,0,0
34.36,5,32.64,2024,6,7,4,0,0,1,0,0,0,0,0,0,0,0
258.4,25,193.8,2024,10,27,6,1,0,0,0,0,0,1,0,0,0,1
347.13,5,329.77,2024,11,18,0,0,0,1,0,0,0,0,0,0,1,0
480.8,25,360.6,2024,11,5,1,0,0,0,0,1,0,0,0,0,1,0
92.03,20,73.62,2024,7,21,6,1,0,0,0,1,0,0,1,0,0,0
341.83,5,324.74,2024,3,6,2,0,0,1,0,0,0,0,0,1,0,0
354.66,30,248.26,2024,10,3,3,0,0,0,1,0,0,0,0,0,0,0
441.84,25,331.38,2024,10,9,2,0,1,0,0,0,0,0,0,0,1,0
481.86,5,457.77,2024,8,15,3,0,0,0,0,1,0,0,0,0,0,1
382.18,10,343.96,2024,4,26,4,0,1,0,0,0,0,0,0,1,0,0
161.02,30,112.71,2024,6,24,0,0,0,1,0,0,0,0,0,1,0,0
477.48,0,477.48,2024,10,25,4,0,0,0,0,0,0,1,0,0,0,1
301.17,25,225.88,2024,11,12,1,0,1,0,0,0,0,0,0,0,0,1
428.08,30,299.66,2024,6,13,3,0,0,0,0,1,0,0,0,1,0,0
260.66,30,182.46,2024,9,29,6,1,0,0,1,0,0,0,0,0,0,0
126.22,0,126.22,2024,1,20,5,1,1,0,0,0,0,0,0,0,0,0
15.04,25,11.28,2024,3,10,6,1,1,0,0,0,0,0,0,0,1,0
474.05,20,379.24,2024,5,21,1,0,0,0,0,1,0,0,0,0,0,0
261.58,30,183.11,2024,2,7,2,0,0,0,0,1,0,0,0,0,0,0
484.13,30,338.89,2024,11,1,4,0,0,0,0,0,1,0,0,0,0,1
73.24,10,65.92,2024,1,7,6,1,0,0,0,0,0,0,0,0,0,0
342.32,20,273.86,2024,1,21,6,1,0,1,0,0,0,0,0,1,0,0
69.64,20,55.71,2024,9,25,2,0,0,0,0,1,0,0,0,1,0,0
407.48,5,387.11,2024,8,17,5,1,1,0,0,0,0,0,1,0,0,0
99.49,20,79.59,2024,7,17,2,0,0,0,1,0,0,0,0,1,0,0
330.6,30,231.42,2024,8,25,6,1,0,0,0,0,0,1,0,0,0,0
90.77,5,86.23,2024,5,24,4,0,1,0,0,0,0,0,0,0,0,0
130.13,10,117.12,2024,11,19,1,0,0,0,0,0,0,0,0,0,0,1
441.92,30,309.34,2024,4,28,6,1,1,0,0,0,0,0,0,0,1,0
256.51,0,256.51,2024,6,21,4,0,0,0,1,0,0,0,0,0,1,0
392.04,20,313.63,2024,3,8,4,0,0,0,0,0,1,0,0,0,0,0
496.82,0,496.82,2024,4,20,5,1,0,0,0,1,0,0,0,1,0,0
206.43,25,154.82,2024,6,26,2,0,0,0,1,0,0,0,0,0,0,1
278.41,5,264.49,2024,11,7,3,0,0,0,0,0,1,0,0,0,0,0
221.23,25,165.92,2024,8,2,4,0,0,0,0,0,0,1,0,0,0,1
253.31,5,240.64,2024,10,25,4,0,0,0,0,0,0,1,0,1,0,0
85.36,50,42.68,2024,9,22,6,1,0,0,0,0,0,0,0,0,0,1
122.21,20,97.77,2024,7,19,4,0,0,1,0,0,0,0,0,0,1,0
40.02,50,20.01,2024,5,20,0,0,0,0,0,0,1,0,1,0,0,0
482.59,15,410.2,2024,5,17,4,0,0,0,0,0,1,0,1,0,0,0
343.71,50,171.85,2024,3,5,1,0,0,1,0,0,0,0,0,0,0,0
407.74,5,387.35,2024,4,16,1,0,1,0,0,0,0,0,1,0,0,0
274.57,10,247.11,2024,4,9,1,0,1,0,0,0,0,0,0,0,1,0
181.18,20,144.94,2024,1,30,1,0,0,0,0,1,0,0,1,0,0,0
301.21,30,210.85,2024,9,28,5,1,1,0,0,0,0,0,0,0,1,0
378.97,0,378.97,2024,10,25,4,0,0,0,0,0,1,0,0,0,0,0
291.57,15,247.83,2024,9,12,3,0,0,0,0,1,0,0,0,0,0,1
374.81,50,187.41,2024,4,15,0,0,0,0,0,0,1,0,1,0,0,0
285.95,20,228.76,2024,10,2,2,0,1,0,0,0,0,0,0,0,1,0
309.01,25,231.76,2024,10,21,0,0,0,0,1,0,0,0,0,1,0,0
499.96,50,249.98,2024,8,24,5,1,0,0,0,0,1,0,0,0,1,0
376.17,50,188.09,2024,10,3,3,0,0,0,1,0,0,0,0,0,0,0
189.0,10,170.1,2024,9,27,4,0,0,0,0,0,0,1,0,0,1,0
471.23,20,376.98,2024,2,14,2,0,0,0,0,0,1,0,0,0,1,0
108.88,15,92.55,2024,7,13,5,1,1,0,0,0,0,0,0,0,1,0
176.92,0,176.92,2024,10,31,3,0,0,0,0,1,0,0,0,0,0,1
172.71,25,129.53,2024,4,19,4,0,0,0,0,0,0,0,1,0,0,0
403.23,5,383.07,2024,11,3,6,1,0,0,0,0,0,1,0,0,0,1
224.05,10,201.65,2024,4,28,6,1,1,0,0,0,0,0,0,1,0,0
458.94,0,458.94,2024,3,14,3,0,0,0,0,0,0,0,0,0,0,1
186.09,0,186.09,2024,6,18,1,0,0,0,0,1,0,0,0,0,0,1
94.02,20,75.22,2024,1,17,2,0,0,0,0,0,0,1,1,0,0,0
178.71,5,169.77,2024,10,12,5,1,0,0,0,0,0,1,1,0,0,0
138.31,10,124.48,2024,5,4,5,1,0,0,0,1,0,0,1,0,0,0
61.62,15,52.38,2024,1,19,4,0,0,0,0,0,0,0,1,0,0,0
493.04,0,493.04,2024,3,17,6,1,0,0,0,0,1,0,0,0,1,0
93.28,15,79.29,2024,7,31,2,0,0,1,0,0,0,0,0,0,1,0
459.49,15,390.57,2024,1,3,2,0,0,0,0,0,0,1,0,0,1,0
246.03,15,209.13,2024,5,11,5,1,0,0,0,1,0,0,0,1,0,0
172.66,0,172.66,2024,9,3,1,0,0,0,1,0,0,0,1,0,0,0
233.2,20,186.56,2024,5,14,1,0,0,1,0,0,0,0,0,0,0,0
304.79,30,213.35,2024,9,26,3,0,0,0,0,0,0,1,0,0,0,1
124.42,0,124.42,2024,11,5,1,0,1,0,0,0,0,0,1,0,0,0
27.16,10,24.44,2024,4,9,1,0,0,0,1,0,0,0,0,0,1,0
420.22,0,420.22,2024,2,17,5,1,0,0,0,0,1,0,0,0,0,0
187.72,30,131.4,2024,2,12,0,0,0,0,0,0,0,0,1,0,0,0
363.56,50,181.78,2024,5,3,4,0,0,0,0,0,0,1,0,0,1,0
256.97,50,128.49,2024,2,15,3,0,0,1,0,0,0,0,1,0,0,0
389.7,10,350.73,2024,4,1,0,0,0,0,0,0,0,1,0,0,0,0
242.13,30,169.49,2024,1,28,6,1,0,0,0,1,0,0,0,0,1,0
415.0,5,394.25,2024,5,19,6,1,0,0,0,0,0,0,0,1,0,0
205.38,10,184.84,2024,9,9,0,0,0,0,0,0,0,1,1,0,0,0
402.37,0,402.37,2024,7,30,1,0,0,0,1,0,0,0,0,0,1,0
130.6,0,130.6,2024,3,9,5,1,0,0,0,0,0,1,0,0,0,1
401.02,15,340.87,2024,5,11,5,1,0,1,0,0,0,0,0,0,0,0
376.07,30,263.25,2024,5,24,4,0,0,0,1,0,0,0,0,1,0,0
361.79,50,180.9,2024,9,23,0,0,1,0,0,0,0,0,0,0,1,0
477.51,25,358.13,2024,10,19,5,1,0,0,1,0,0,0,0,0,0,0
209.1,50,104.55,2024,8,2,4,0,0,0,0,0,0,1,1,0,0,0
367.38,15,312.27,2024,6,18,1,0,0,0,0,0,0,1,0,1,0,0
49.99,20,39.99,2024,3,27,2,0,0,0,0,0,0,0,0,1,0,0
223.13,5,211.97,2024,3,29,4,0,0,0,0,1,0,0,0,0,0,1
481.77,10,433.59,2024,9,3,1,0,0,1,0,0,0,0,1,0,0,0
333.36,10,300.02,2024,2,27,1,0,0,0,0,0,0,1,0,1,0,0
460.93,20,368.74,2024,4,20,5,1,1,0,0,0,0,0,1,0,0,0
198.84,50,99.42,2024,7,28,6,1,0,0,0,1,0,0,0,0,0,1
335.09,20,268.07,2024,10,13,6,1,1,0,0,0,0,0,0,1,0,0
410.41,50,205.21,2024,6,2,6,1,1,0,0,0,0,0,1,0,0,0
393.83,50,196.91,2024,8,21,2,0,0,0,1,0,0,0,0,0,1,0
398.76,30,279.13,2024,5,4,5,1,0,0,1,0,0,0,1,0,0,0
455.43,15,387.12,2024,6,15,5,1,0,1,0,0,0,0,0,0,0,1
352.31,20,281.85,2024,10,4,4,0,0,0,0,0,0,1,1,0,0,0
166.63,30,116.64,2024,3,4,0,0,0,0,0,0,1,0,0,1,0,0
362.57,5,344.44,2024,5,31,4,0,0,0,0,0,1,0,1,0,0,0
96.73,25,72.55,2024,10,4,4,0,1,0,0,0,0,0,0,0,0,1
420.31,50,210.16,2024,3,4,0,0,0,0,0,0,1,0,0,1,0,0
56.1,25,42.08,2024,9,9,0,0,0,0,0,0,1,0,0,0,1,0
349.84,15,297.36,2024,7,14,6,1,0,0,0,0,1,0,0,0,0,1
358.31,15,304.56,2024,1,25,3,0,1,0,0,0,0,0,0,1,0,0
361.61,15,307.37,2024,5,2,3,0,0,0,0,0,0,1,0,0,0,1
450.48,5,427.96,2024,11,7,3,0,0,0,1,0,0,0,0,1,0,0
330.31,15,280.76,2024,10,14,0,0,1,0,0,0,0,0,0,0,1,0
151.85,15,129.07,2024,6,11,1,0,0,0,1,0,0,0,0,0,0,0
276.74,0,276.74,2024,6,18,1,0,0,1,0,0,0,0,0,1,0,0
345.43,15,293.62,2024,10,8,1,0,0,0,0,0,0,1,0,1,0,0
389.96,15,331.47,2024,5,22,2,0,1,0,0,0,0,0,0,1,0,0
16.18,5,15.37,2024,11,2,5,1,0,0,0,1,0,0,1,0,0,0
226.93,30,158.85,2024,11,20,2,0,1,0,0,0,0,0,0,0,1,0
116.1,10,104.49,2024,6,17,0,0,0,0,1,0,0,0,0,0,0,1
216.97,50,108.48,2024,5,30,3,0,0,0,0,0,0,1,0,1,0,0
33.25,5,31.59,2024,3,25,0,0,0,0,1,0,0,0,0,1,0,0
181.56,0,181.56,2024,8,14,2,0,0,0,1,0,0,0,0,1,0,0
350.58,0,350.58,2024,9,10,1,0,0,1,0,0,0,0,1,0,0,0
222.11,50,111.06,2024,2,27,1,0,0,1,0,0,0,0,1,0,0,0
445.45,15,378.63,2024,10,31,3,0,0,0,0,0,0,0,0,0,1,0
449.09,25,336.82,2024,11,4,0,0,0,0,0,1,0,0,0,0,0,1
206.19,0,206.19,2024,10,15,1,0,0,0,0,0,0,0,0,0,0,0
19.55,5,18.57,2024,6,10,0,0,0,0,0,1,0,0,0,0,0,1
211.62,0,211.62,2024,7,22,0,0,0,0,0,1,0,0,0,0,1,0
152.24,50,76.12,2024,4,22,0,0,0,0,1,0,0,0,0,0,0,1
222.36,0,222.36,2024,7,22,0,0,0,0,0,0,0,1,0,0,1,0
95.92,25,71.94,2024,4,19,4,0,0,0,0,1,0,0,0,1,0,0
335.09,0,335.09,2024,8,26,0,0,0,0,0,0,0,0,1,0,0,0
241.25,20,193.0,2024,6,1,5,1,0,0,0,0,0,1,1,0,0,0
123.91,25,92.93,2024,11,10,6,1,0,0,0,0,1,0,1,0,0,0
170.1,15,144.58,2024,9,2,0,0,0,0,0,0,0,0,0,0,0,0
12.24,10,11.02,2024,2,13,1,0,0,0,0,0,1,0,0,0,0,0
496.29,10,446.66,2024,2,26,0,0,0,0,1,0,0,0,0,0,0,0
214.77,50,107.39,2024,6,13,3,0,0,0,0,0,0,0,0,0,0,1
453.64,5,430.96,2024,6,6,3,0,0,0,1,0,0,0,0,0,0,1
63.98,25,47.98,2024,8,26,0,0,0,0,0,0,0,1,1,0,0,0
343.35,20,274.68,2024,9,20,4,0,0,0,0,0,0,1,1,0,0,0
46.68,20,37.34,2024,1,15,0,0,0,0,0,0,0,1,0,0,0,1
269.06,10,242.15,2024,10,1,1,0,0,0,0,0,0,1,0,0,0,1
145.91,15,124.02,2024,5,2,3,0,0,0,0,0,1,0,0,0,0,0
300.96,0,300.96,2024,5,13,0,0,0,0,1,0,0,0,0,0,1,0
83.67,10,75.3,2024,1,20,5,1,0,0,0,0,0,1,0,1,0,0
491.44,50,245.72,2024,3,3,6,1,0,0,0,0,0,1,0,0,0,1
436.45,20,349.16,2024,8,24,5,1,0,0,1,0,0,0,0,0,1,0
177.91,5,169.01,2024,7,17,2,0,0,0,0,0,1,0,1,0,0,0
53.69,20,42.95,2024,5,8,2,0,0,0,0,0,0,1,0,0,0,1
179.55,10,161.6,2024,11,11,0,0,0,0,0,0,0,1,1,0,0,0
348.31,15,296.06,2024,6,10,0,0,0,0,0,0,0,1,0,0,0,0
301.91,0,301.91,2024,9,27,4,0,0,0,0,0,1,0,0,0,0,0
227.08,15,193.02,2024,2,13,1,0,0,1,0,0,0,0,1,0,0,0
330.53,50,165.26,2024,4,15,0,0,0,0,0,1,0,0,0,0,0,0
286.47,25,214.85,2024,6,4,1,0,0,0,1,0,0,0,0,0,0,1
130.6,10,117.54,2024,3,31,6,1,0,0,1,0,0,0,0,1,0,0
465.45,15,395.63,2024,10,3,3,0,0,0,1,0,0,0,0,0,1,0
117.74,20,94.19,2024,6,28,4,0,0,1,0,0,0,0,0,0,1,0
265.67,50,132.84,2024,3,7,3,0,0,0,1,0,0,0,0,0,1,0
95.18,0,95.18,2024,11,3,6,1,1,0,0,0,0,0,0,1,0,0
101.4,5,96.33,2024,3,10,6,1,0,1,0,0,0,0,0,0,0,1
309.63,25,232.22,2024,9,7,5,1,0,0,0,1,0,0,0,1,0,0
147.6,50,73.8,2024,5,2,3,0,0,0,0,0,1,0,1,0,0,0
77.64,25,58.23,2024,11,12,1,0,0,1,0,0,0,0,0,0,0,1
407.12,20,325.7,2024,3,18,0,0,0,0,0,0,0,0,0,0,1,0
173.32,10,155.99,2024,7,13,5,1,1,0,0,0,0,0,0,0,0,1
335.86,20,268.69,2024,8,30,4,0,0,0,0,0,0,0,0,0,0,1
110.52,10,99.47,2024,4,5,4,0,0,0,0,1,0,0,0,0,0,0
300.6,15,255.51,2024,10,12,5,1,0,0,0,0,0,0,0,0,0,1
312.78,15,265.86,2024,10,25,4,0,1,0,0,0,0,0,0,1,0,0
499.91,30,349.94,2024,5,16,3,0,0,1,0,0,0,0,1,0,0,0
170.31,20,136.25,2024,3,30,5,1,0,0,0,1,0,0,0,0,1,0
78.11,25,58.58,2024,8,4,6,1,0,0,0,0,1,0,0,0,0,1
305.34,15,259.54,2024,10,7,0,0,0,0,1,0,0,0,1,0,0,0
426.79,15,362.77,2024,10,10,3,0,0,0,0,0,1,0,0,1,0,0
375.73,25,281.8,2024,4,2,1,0,0,0,0,1,0,0,0,0,0,1
163.86,25,122.9,2024,7,11,3,0,0,0,0,0,1,0,0,0,1,0
203.98,10,183.58,2024,4,28,6,1,0,0,1,0,0,0,0,0,0,0
145.31,15,123.51,2024,1,19,4,0,0,0,0,0,1,0,0,0,1,0
221.16,30,154.81,2024,4,12,4,0,0,1,0,0,0,0,0,0,0,0
256.42,0,256.42,2024,6,2,6,1,0,0,0,0,0,1,0,1,0,0
431.38,0,431.38,2024,3,5,1,0,0,0,0,0,1,0,0,1,0,0
345.75,0,345.75,2024,6,23,6,1,0,0,0,0,1,0,0,0,0,1
96.68,30,67.68,2024,2,13,1,0,0,0,0,0,0,0,0,1,0,0
438.0,5,416.1,2024,11,1,4,0,0,1,0,0,0,0,0,0,1,0
272.29,0,272.29,2024,7,5,4,0,0,0,0,0,1,0,0,1,0,0
84.09,5,79.89,2024,3,13,2,0,0,0,0,0,0,1,0,0,0,1
432.25,0,432.25,2024,5,8,2,0,0,1,0,0,0,0,1,0,0,0
179.62,50,89.81,2024,7,24,2,0,0,0,0,0,0,0,1,0,0,0
302.95,15,257.51,2024,8,25,6,1,0,0,1,0,0,0,0,0,1,0
345.41,10,310.87,2024,7,7,6,1,0,0,0,0,0,1,0,0,1,0
167.63,25,125.72,2024,1,3,2,0,1,0,0,0,0,0,0,0,0,0
436.92,20,349.54,2024,11,8,4,0,0,0,0,0,1,0,0,0,0,0
168.92,10,152.03,2024,8,15,3,0,0,0,0,0,0,1,0,1,0,0
42.14,25,31.61,2024,5,4,5,1,0,0,0,0,0,1,0,0,0,1
178.91,30,125.24,2024,1,16,1,0,0,0,0,0,1,0,0,0,0,0
322.75,15,274.34,2024,2,10,5,1,0,0,1,0,0,0,0,0,0,1
123.27,30,86.29,2024,8,22,3,0,0,0,0,0,0,1,0,0,0,1
361.29,5,343.23,2024,5,18,5,1,0,0,0,0,1,0,1,0,0,0
275.42,10,247.88,2024,2,28,2,0,0,0,0,1,0,0,0,0,0,0
321.92,50,160.96,2024,7,5,4,0,1,0,0,0,0,0,0,1,0,0
292.11,30,204.48,2024,9,1,6,1,0,0,0,1,0,0,0,1,0,0
444.49,50,222.25,2024,11,13,2,0,0,0,0,0,1,0,1,0,0,0
182.13,50,91.06,2024,4,9,1,0,0,0,0,0,0,0,0,0,0,1
412.71,20,330.17,2024,2,5,0,0,0,0,0,0,0,0,0,1,0,0
235.28,25,176.46,2024,5,15,2,0,0,0,0,0,1,0,0,0,0,0
309.9,5,294.4,2024,1,28,6,1,0,0,0,1,0,0,1,0,0,0
327.07,5,310.72,2024,5,12,6,1,0,0,0,0,0,0,0,0,1,0
459.22,0,459.22,2024,11,9,5,1,0,0,0,0,1,0,0,1,0,0
323.0,0,323.0,2024,9,11,2,0,1,0,0,0,0,0,0,0,0,1
170.44,15,144.87,2024,6,15,5,1,0,0,0,1,0,0,0,0,0,0
354.49,30,248.14,2024,11,20,2,0,0,0,1,0,0,0,0,0,0,0
277.17,30,194.02,2024,1,2,1,0,0,0,1,0,0,0,0,1,0,0
169.69,20,135.75,2024,6,15,5,1,0,0,0,0,1,0,0,0,0,0
209.19,20,167.35,2024,1,26,4,0,0,0,0,1,0,0,1,0,0,0
258.78,15,219.96,2024,4,2,1,0,0,0,0,1,0,0,0,0,1,0
480.49,0,480.49,2024,7,15,0,0,0,0,0,0,1,0,0,0,0,0
465.95,20,372.76,2024,9,8,6,1,0,0,0,0,1,0,1,0,0,0
195.8,20,156.64,2024,10,5,5,1,0,1,0,0,0,0,1,0,0,0
100.78,0,100.78,2024,1,17,2,0,0,0,0,1,0,0,0,0,1,0
31.79,0,31.79,2024,8,20,1,0,0,0,0,0,0,1,0,1,0,0
493.53,30,345.47,2024,4,25,3,0,0,0,0,1,0,0,0,0,0,0
190.3,50,95.15,2024,10,19,5,1,0,0,0,0,0,1,0,0,1,0
22.77,50,11.38,2024,6,20,3,0,0,0,0,0,0,0,1,0,0,0
307.9,15,261.71,2024,3,29,4,0,0,0,0,0,1,0,0,1,0,0
150.05,0,150.05,2024,2,18,6,1,0,0,0,0,0,1,0,0,1,0
347.71,10,312.94,2024,11,3,6,1,0,0,0,0,0,1,0,1,0,0
136.24,0,136.24,2024,3,3,6,1,0,0,0,0,0,1,0,0,1,0
146.47,10,131.82,2024,5,26,6,1,0,0,0,0,0,0,0,1,0,0
448.81,20,359.05,2024,7,23,1,0,0,1,0,0,0,0,1,0,0,0
286.12,30,200.28,2024,10,19,5,1,1,0,0,0,0,0,0,0,1,0
308.37,50,154.19,2024,7,12,4,0,0,0,0,0,0,1,0,0,0,1
286.47,5,272.15,2024,6,12,2,0,0,0,1,0,0,0,1,0,0,0
350.59,0,350.59,2024,9,26,3,0,1,0,0,0,0,0,0,0,0,1
254.32,0,254.32,2024,7,27,5,1,0,1,0,0,0,0,0,0,0,1
297.32,0,297.32,2024,9,12,3,0,0,1,0,0,0,0,0,0,0,0
219.48,25,164.61,2024,7,18,3,0,0,0,0,0,0,1,0,1,0,0
134.52,30,94.16,2024,9,4,2,0,1,0,0,0,0,0,0,0,0,0
34.07,10,30.66,2024,1,30,1,0,0,0,0,0,1,0,0,1,0,0
339.21,25,254.41,2024,8,15,3,0,0,0,1,0,0,0,0,0,0,0
335.09,15,284.83,2024,11,7,3,0,0,0,1,0,0,0,0,0,0,0
338.0,10,304.2,2024,6,10,0,0,0,0,0,0,1,0,1,0,0,0
348.31,20,278.65,2024,5,5,6,1,0,0,0,0,0,1,0,1,0,0
357.9,30,250.53,2024,8,14,2,0,0,0,0,0,0,1,0,0,0,1
27.03,15,22.98,2024,5,29,2,0,0,0,0,0,1,0,0,0,0,0
465.64,0,465.64,2024,8,10,5,1,1,0,0,0,0,0,0,1,0,0
416.88,25,312.66,2024,10,22,1,0,0,0,0,0,0,0,0,0,1,0
170.97,50,85.48,2024,8,21,2,0,0,0,0,0,0,0,0,0,1,0
460.19,50,230.09,2024,2,29,3,0,0,0,0,1,0,0,0,0,1,0
327.39,15,278.28,2024,2,23,4,0,0,0,0,1,0,0,0,0,0,0
451.34,10,406.21,2024,4,22,0,0,0,1,0,0,0,0,1,0,0,0
297.02,5,282.17,2024,5,11,5,1,0,0,0,1,0,0,1,0,0,0
359.48,10,323.53,2024,10,17,3,0,0,0,0,0,0,0,1,0,0,0
105.45,10,94.91,2024,5,9,3,0,0,0,0,0,0,0,0,1,0,0
30.46,30,21.32,2024,7,29,0,0,0,0,0,0,1,0,0,0,0,1
247.76,25,185.82,2024,1,30,1,0,1,0,0,0,0,0,0,1,0,0
260.81,30,182.57,2024,8,15,3,0,0,0,0,0,0,1,1,0,0,0
21.41,5,20.34,2024,4,23,1,0,0,0,0,0,0,1,0,0,1,0
27.13,30,18.99,2024,9,6,4,0,0,0,0,0,0,0,0,0,0,0
304.86,15,259.13,2024,9,14,5,1,0,1,0,0,0,0,0,0,1,0
69.37,0,69.37,2024,10,30,2,0,1,0,0,0,0,0,0,1,0,0
50.93,20,40.74,2024,10,10,3,0,0,1,0,0,0,0,0,0,0,1
337.58,5,320.7,2024,8,17,5,1,0,0,0,0,0,1,0,0,0,1
252.65,10,227.39,2024,1,31,2,0,0,1,0,0,0,0,0,1,0,0
400.08,50,200.04,2024,5,18,5,1,0,0,1,0,0,0,0,0,0,1
320.67,50,160.34,2024,11,10,6,1,0,0,0,1,0,0,1,0,0,0
427.29,5,405.93,2024,8,12,0,0,0,1,0,0,0,0,1,0,0,0
396.76,5,376.92,2024,9,14,5,1,0,1,0,0,0,0,0,0,0,1
61.37,20,49.1,2024,1,10,2,0,0,0,0,0,0,1,1,0,0,0
200.57,15,170.48,2024,5,30,3,0,0,0,0,1,0,0,0,0,1,0
457.69,20,366.15,2024,6,13,3,0,1,0,0,0,0,0,0,0,1,0
56.97,0,56.97,2024,4,24,2,0,0,0,0,0,1,0,0,1,0,0
289.27,15,245.88,2024,4,15,0,0,0,1,0,0,0,0,0,0,0,0
365.26,0,365.26,2024,1,21,6,1,0,0,0,0,0,1,0,0,0,1
44.14,50,22.07,2024,9,15,6,1,1,0,0,0,0,0,0,0,0,0
32.7,5,31.07,2024,10,21,0,0,0,0,0,0,0,0,1,0,0,0
223.04,25,167.28,2024,8,31,5,1,0,1,0,0,0,0,0,0,1,0
256.64,10,230.98,2024,8,29,3,0,1,0,0,0,0,0,1,0,0,0
82.48,10,74.23,2024,7,3,2,0,0,0,0,0,1,0,0,0,1,0
493.82,25,370.37,2024,11,14,3,0,0,0,0,1,0,0,0,1,0,0
430.5,5,408.97,2024,4,7,6,1,0,0,0,1,0,0,0,0,1,0
12.1,20,9.68,2024,3,23,5,1,0,0,0,0,0,1,0,0,0,1
474.41,0,474.41,2024,9,9,0,0,0,0,0,0,1,0,0,0,0,1
243.52,15,206.99,2024,1,22,0,0,0,0,0,0,0,1,0,0,0,0
394.83,20,315.86,2024,1,27,5,1,0,0,0,0,1,0,0,0,1,0
175.86,0,175.86,2024,8,18,6,1,1,0,0,0,0,0,0,1,0,0
237.77,20,190.22,2024,4,4,3,0,0,0,0,0,1,0,1,0,0,0
143.21,5,136.05,2024,1,15,0,0,1,0,0,0,0,0,1,0,0,0
222.65,20,178.12,2024,4,1,0,0,0,0,0,0,0,1,0,0,0,0
348.18,0,348.18,2024,11,13,2,0,0,0,0,0,1,0,0,1,0,0
152.52,0,152.52,2024,1,15,0,0,0,1,0,0,0,0,1,0,0,0
448.26,30,313.78,2024,4,7,6,1,1,0,0,0,0,0,0,1,0,0
459.22,10,413.3,2024,10,25,4,0,0,1,0,0,0,0,0,0,1,0
432.11,10,388.9,2024,3,4,0,0,0,0,0,1,0,0,1,0,0,0
320.98,10,288.88,2024,1,2,1,0,0,1,0,0,0,0,0,1,0,0
104.47,10,94.02,2024,8,20,1,0,0,0,0,0,1,0,1,0,0,0
249.4,30,174.58,2024,4,21,6,1,0,0,0,0,1,0,0,0,0,1
39.02,25,29.27,2024,5,3,4,0,1,0,0,0,0,0,0,0,0,0
185.53,15,157.7,2024,8,15,3,0,0,0,0,0,1,0,0,0,0,1
463.55,15,394.02,2024,3,9,5,1,0,1,0,0,0,0,1,0,0,0
277.05,25,207.79,2024,2,11,6,1,0,0,1,0,0,0,0,1,0,0
159.03,20,127.22,2024,2,27,1,0,0,0,0,0,1,0,0,0,0,0
53.69,25,40.27,2024,7,7,6,1,0,0,0,1,0,0,1,0,0,0
350.46,5,332.94,2024,10,25,4,0,0,0,0,0,1,0,0,0,1,0
358.64,5,340.71,2024,9,4,2,0,0,0,0,0,1,0,0,0,1,0
33.8,30,23.66,2024,2,19,0,0,1,0,0,0,0,0,0,0,0,1
188.8,10,169.92,2024,8,16,4,0,0,0,0,1,0,0,0,0,0,1
178.75,15,151.94,2024,11,1,4,0,0,0,0,0,1,0,0,0,1,0
185.17,0,185.17,2024,9,14,5,1,0,0,0,0,0,1,0,0,0,0
417.51,0,417.51,2024,9,17,1,0,0,0,0,0,1,0,1,0,0,0
407.59,50,203.79,2024,9,13,4,0,1,0,0,0,0,0,0,0,1,0
230.14,20,184.11,2024,9,4,2,0,0,0,0,0,0,0,1,0,0,0
207.06,30,144.94,2024,1,18,3,0,0,0,0,0,0,0,0,0,1,0
166.69,15,141.69,2024,8,30,4,0,0,0,1,0,0,0,0,1,0,0
476.53,15,405.05,2024,6,22,5,1,0,0,1,0,0,0,0,0,0,0
420.41,0,420.41,2024,4,29,0,0,0,0,0,0,0,0,0,1,0,0
408.9,5,388.45,2024,5,26,6,1,1,0,0,0,0,0,0,0,0,0
311.9,0,311.9,2024,3,10,6,1,0,1,0,0,0,0,0,0,0,1
160.11,30,112.08,2024,10,23,2,0,0,0,1,0,0,0,0,0,0,0
100.64,15,85.54,2024,3,31,6,1,0,0,0,0,0,1,0,0,0,0
79.12,5,75.16,2024,8,17,5,1,0,1,0,0,0,0,0,0,0,1
115.23,25,86.42,2024,7,26,4,0,0,0,0,0,0,1,0,0,0,1
212.08,10,190.87,2024,7,14,6,1,0,1,0,0,0,0,1,0,0,0
25.95,15,22.06,2024,11,18,0,0,0,0,0,0,1,0,0,1,0,0
336.87,0,336.87,2024,11,8,4,0,0,0,0,0,0,1,0,1,0,0
43.47,50,21.73,2024,11,13,2,0,0,0,0,0,0,0,1,0,0,0
185.53,20,148.42,2024,5,25,5,1,0,0,1,0,0,0,1,0,0,0
483.62,5,459.44,2024,8,23,4,0,0,1,0,0,0,0,0,0,0,1
30.28,30,21.2,2024,3,9,5,1,0,0,0,0,1,0,1,0,0,0
482.52,5,458.39,2024,5,19,6,1,1,0,0,0,0,0,1,0,0,0
359.32,0,359.32,2024,7,5,4,0,0,0,0,0,0,1,0,0,0,1
386.46,30,270.52,2024,7,8,0,0,0,0,0,0,0,1,1,0,0,0
36.34,50,18.17,2024,4,8,0,0,1,0,0,0,0,0,0,0,0,0
328.64,25,246.48,2024,2,14,2,0,0,0,0,0,0,1,0,0,0,1
141.52,20,113.22,2024,7,24,2,0,0,0,0,1,0,0,0,0,0,1
310.66,50,155.33,2024,4,28,6,1,0,0,0,0,1,0,1,0,0,0
311.01,5,295.46,2024,1,2,1,0,0,0,0,0,1,0,0,0,0,1
60.79,20,48.63,2024,5,21,1,0,0,0,0,0,0,1,1,0,0,0
252.0,30,176.4,2024,1,5,4,0,0,0,0,1,0,0,0,0,1,0
213.0,25,159.75,2024,11,16,5,1,0,1,0,0,0,0,0,0,0,0
191.77,25,143.83,2024,9,24,1,0,0,0,1,0,0,0,0,0,0,1
239.31,10,215.38,2024,5,14,1,0,0,1,0,0,0,0,0,0,0,1
212.42,50,106.21,2024,2,3,5,1,0,0,0,1,0,0,0,1,0,0
209.08,5,198.63,2024,8,6,1,0,1,0,0,0,0,0,0,0,0,1
394.82,0,394.82,2024,10,17,3,0,0,1,0,0,0,0,1,0,0,0
305.94,5,290.64,2024,8,7,2,0,0,0,0,1,0,0,0,0,0,0
390.66,15,332.06,2024,11,21,3,0,0,0,0,1,0,0,0,1,0,0
402.97,50,201.49,2024,7,27,5,1,0,0,0,0,0,0,0,0,0,1
280.99,30,196.69,2024,2,7,2,0,0,0,0,0,0,0,0,0,0,1
309.55,10,278.6,2024,6,2,6,1,0,0,0,0,1,0,1,0,0,0
471.41,25,353.56,2024,5,20,0,0,0,0,0,0,0,0,0,0,0,0
46.48,0,46.48,2024,6,29,5,1,0,0,0,0,1,0,0,0,1,0
338.0,0,338.0,2024,3,10,6,1,0,0,0,0,0,0,0,0,1,0
171.64,20,137.31,2024,8,14,2,0,0,0,0,1,0,0,0,0,1,0
488.06,15,414.85,2024,3,24,6,1,0,0,0,1,0,0,0,0,1,0
334.67,50,167.34,2024,3,9,5,1,0,0,1,0,0,0,0,0,1,0
448.02,30,313.61,2024,6,20,3,0,0,1,0,0,0,0,0,0,0,1
424.33,5,403.11,2024,10,29,1,0,0,1,0,0,0,0,0,0,0,0
56.69,25,42.52,2024,3,12,1,0,0,0,0,0,1,0,0,0,0,1
431.13,50,215.56,2024,1,22,0,0,0,0,0,0,1,0,0,0,1,0
353.93,0,353.93,2024,7,31,2,0,0,1,0,0,0,0,0,0,1,0
54.61,0,54.61,2024,9,30,0,0,0,0,0,0,0,1,0,0,0,1
90.79,0,90.79,2024,7,15,0,0,0,0,0,1,0,0,0,0,1,0
424.21,30,296.95,2024,9,6,4,0,0,0,0,0,0,0,1,0,0,0
45.8,25,34.35,2024,9,17,1,0,0,0,0,0,0,0,0,1,0,0
301.6,20,241.28,2024,10,22,1,0,0,0,0,0,0,1,0,1,0,0
241.97,10,217.77,2024,7,17,2,0,0,0,0,1,0,0,0,0,0,0
335.84,5,319.05,2024,7,9,1,0,1,0,0,0,0,0,0,0,1,0
317.46,0,317.46,2024,1,20,5,1,0,0,0,0,1,0,0,0,0,0
53.79,5,51.1,2024,3,11,0,0,0,1,0,0,0,0,1,0,0,0
459.39,30,321.57,2024,7,6,5,1,0,0,0,0,0,0,0,0,0,0
175.33,20,140.26,2024,5,25,5,1,0,0,0,1,0,0,0,0,1,0
69.77,30,48.84,2024,8,30,4,0,0,0,0,0,0,0,0,0,0,1
157.11,10,141.4,2024,9,12,3,0,0,0,0,0,0,0,0,0,1,0
102.7,30,71.89,2024,8,9,4,0,0,0,0,0,0,0,1,0,0,0
312.85,25,234.64,2024,7,22,0,0,0,1,0,0,0,0,0,0,1,0
317.59,30,222.31,2024,4,18,3,0,0,1,0,0,0,0,0,0,0,1
218.68,10,196.81,2024,2,4,6,1,0,0,0,0,0,0,1,0,0,0
56.45,50,28.23,2024,2,8,3,0,0,0,0,0,1,0,0,0,1,0
85.54,25,64.16,2024,7,11,3,0,0,0,0,0,0,0,1,0,0,0
200.44,50,100.22,2024,11,18,0,0,0,0,0,0,0,1,0,0,0,1
132.23,25,99.17,2024,2,13,1,0,0,0,1,0,0,0,0,0,1,0
217.61,10,195.85,2024,2,14,2,0,0,0,0,0,1,0,0,1,0,0
227.44,10,204.7,2024,5,14,1,0,1,0,0,0,0,0,0,0,1,0
154.15,20,123.32,2024,8,21,2,0,0,0,1,0,0,0,0,0,0,0
19.42,0,19.42,2024,6,21,4,0,1,0,0,0,0,0,0,0,0,1
423.01,5,401.86,2024,1,31,2,0,0,0,0,1,0,0,0,0,1,0
352.47,0,352.47,2024,6,25,1,0,0,0,1,0,0,0,0,0,1,0
323.85,50,161.93,2024,11,16,5,1,1,0,0,0,0,0,1,0,0,0
96.34,20,77.07,2024,3,17,6,1,0,1,0,0,0,0,1,0,0,0
11.54,25,8.65,2024,5,7,1,0,0,0,0,0,0,1,1,0,0,0
376.52,0,376.52,2024,1,7,6,1,0,0,0,0,0,0,0,0,0,0
258.91,25,194.18,2024,5,8,2,0,0,0,1,0,0,0,0,0,0,0
209.44,30,146.61,2024,4,3,2,0,0,0,0,0,1,0,0,0,0,1
489.9,10,440.91,2024,5,3,4,0,0,0,0,0,0,0,0,0,1,0
371.81,50,185.91,2024,2,27,1,0,0,0,0,0,0,0,0,1,0,0
40.04,0,40.04,2024,3,1,4,0,0,0,0,0,0,1,1,0,0,0
384.6,5,365.37,2024,3,2,5,1,0,0,0,0,1,0,0,0,0,1
259.47,15,220.55,2024,2,25,6,1,1,0,0,0,0,0,1,0,0,0
483.34,5,459.17,2024,3,28,3,0,0,0,0,0,1,0,0,0,0,1
253.19,5,240.53,2024,5,23,3,0,0,0,0,0,0,1,0,1,0,0
419.4,50,209.7,2024,5,19,6,1,0,0,0,0,0,1,0,1,0,0
245.52,20,196.42,2024,10,29,1,0,0,0,0,1,0,0,0,1,0,0
280.31,10,252.28,2024,7,12,4,0,0,1,0,0,0,0,0,0,0,1
67.67,50,33.84,2024,6,27,3,0,0,0,0,0,1,0,0,0,1,0
364.44,20,291.55,2024,1,14,6,1,0,0,0,1,0,0,0,1,0,0
44.29,10,39.86,2024,9,11,2,0,1,0,0,0,0,0,0,0,1,0
461.31,30,322.92,2024,1,4,3,0,0,0,0,0,0,0,0,0,0,1
473.17,10,425.85,2024,9,19,3,0,0,0,0,0,0,1,0,0,0,0
133.49,50,66.75,2024,9,28,5,1,0,0,0,1,0,0,0,0,0,1
430.32,15,365.77,2024,5,23,3,0,0,1,0,0,0,0,0,1,0,0
466.36,0,466.36,2024,1,21,6,1,0,0,0,0,1,0,0,1,0,0
274.4,25,205.8,2024,2,4,6,1,0,0,1,0,0,0,0,0,0,0
29.3,0,29.3,2024,6,18,1,0,1,0,0,0,0,0,0,0,1,0
122.96,15,104.52,2024,7,18,3,0,0,0,0,0,1,0,0,0,0,0
333.18,10,299.86,2024,4,16,1,0,0,0,0,0,0,0,0,1,0,0
221.69,5,210.61,2024,7,25,3,0,1,0,0,0,0,0,1,0,0,0
250.53,10,225.48,2024,11,21,3,0,0,0,0,0,0,1,0,0,1,0
135.86,15,115.48,2024,1,27,5,1,0,0,1,0,0,0,0,0,0,0
225.4,15,191.59,2024,4,2,1,0,0,0,1,0,0,0,0,1,0,0
172.45,0,172.45,2024,1,9,1,0,1,0,0,0,0,0,1,0,0,0
89.42,5,84.95,2024,3,20,2,0,0,0,0,0,1,0,0,1,0,0
488.14,50,244.07,2024,2,16,4,0,0,0,0,0,0,0,0,1,0,0
107.61,25,80.71,2024,4,4,3,0,0,0,1,0,0,0,0,0,0,1
463.05,15,393.59,2024,5,10,4,0,0,0,0,0,0,1,1,0,0,0
304.57,5,289.34,2024,1,8,0,0,1,0,0,0,0,0,0,0,1,0
32.78,30,22.95,2024,5,30,3,0,0,0,1,0,0,0,1,0,0,0
56.83,30,39.78,2024,7,25,3,0,0,0,0,0,1,0,1,0,0,0
158.57,25,118.93,2024,1,1,0,0,0,0,0,1,0,0,0,0,0,1
251.72,5,239.13,2024,8,31,5,1,0,0,0,0,0,1,0,1,0,0
10.09,15,8.58,2024,5,11,5,1,0,0,0,0,0,0,0,0,0,0
303.28,0,303.28,2024,6,24,0,0,0,0,0,0,0,1,0,0,1,0
312.92,15,265.98,2024,10,18,4,0,0,0,1,0,0,0,0,1,0,0
402.85,15,342.42,2024,3,2,5,1,0,0,0,1,0,0,1,0,0,0
70.44,25,52.83,2024,2,25,6,1,0,0,0,1,0,0,1,0,0,0
181.51,15,154.28,2024,10,31,3,0,0,0,0,0,0,0,0,1,0,0
448.07,0,448.07,2024,6,1,5,1,0,0,0,0,0,1,0,0,0,0
211.53,30,148.07,2024,10,25,4,0,1,0,0,0,0,0,0,0,0,0
196.14,25,147.1,2024,7,12,4,0,0,0,0,1,0,0,0,0,0,1
295.8,0,295.8,2024,8,21,2,0,0,0,0,1,0,0,0,1,0,0
362.26,0,362.26,2024,6,8,5,1,1,0,0,0,0,0,0,0,1,0
188.56,15,160.28,2024,6,15,5,1,0,0,0,0,1,0,0,1,0,0
308.79,25,231.59,2024,5,22,2,0,0,0,0,0,1,0,0,0,1,0
53.1,50,26.55,2024,4,16,1,0,0,0,0,0,0,1,0,0,0,1
204.25,20,163.4,2024,5,27,0,0,0,0,0,0,0,1,1,0,0,0
117.23,0,117.23,2024,4,11,3,0,0,1,0,0,0,0,0,0,0,1
156.3,0,156.3,2024,7,17,2,0,0,0,0,1,0,0,0,0,0,1
486.62,30,340.63,2024,8,19,0,0,0,0,0,1,0,0,0,0,1,0
221.1,5,210.04,2024,1,30,1,0,0,0,0,0,0,0,0,1,0,0
377.15,0,377.15,2024,1,17,2,0,0,0,0,0,0,0,0,1,0,0
198.3,30,138.81,2024,2,27,1,0,0,1,0,0,0,0,0,0,0,1
450.82,5,428.28,2024,7,18,3,0,0,0,1,0,0,0,1,0,0,0
214.8,25,161.1,2024,6,24,0,0,0,0,0,0,0,0,0,0,1,0
178.58,50,89.29,2024,2,4,6,1,0,1,0,0,0,0,1,0,0,0
237.9,30,166.53,2024,6,12,2,0,0,0,0,0,1,0,0,1,0,0
34.93,50,17.46,2024,4,29,0,0,0,0,0,0,0,0,0,0,0,1
64.64,50,32.32,2024,3,23,5,1,0,1,0,0,0,0,0,0,0,0
170.08,50,85.04,2024,11,13,2,0,0,0,0,0,0,1,0,0,1,0
276.05,10,248.45,2024,2,22,3,0,0,0,0,0,0,0,0,0,0,0
48.61,25,36.46,2024,6,15,5,1,0,0,0,0,0,0,0,0,1,0
367.32,20,293.86,2024,6,9,6,1,0,0,0,0,0,1,0,0,1,0
34.09,20,27.27,2024,3,19,1,0,0,0,1,0,0,0,0,1,0,0
468.37,15,398.11,2024,7,2,1,0,0,1,0,0,0,0,0,0,0,1
358.01,5,340.11,2024,8,8,3,0,0,0,0,0,0,0,0,0,1,0
131.56,30,92.09,2024,2,3,5,1,0,0,0,1,0,0,0,1,0,0
123.61,15,105.07,2024,8,23,4,0,1,0,0,0,0,0,1,0,0,0
263.15,5,249.99,2024,8,11,6,1,0,0,0,0,0,1,0,0,1,0
333.61,10,300.25,2024,10,31,3,0,0,1,0,0,0,0,1,0,0,0
285.17,0,285.17,2024,8,3,5,1,1,0,0,0,0,0,1,0,0,0
494.04,5,469.34,2024,4,23,1,0,0,0,0,0,0,1,1,0,0,0
405.3,20,324.24,2024,4,16,1,0,0,1,0,0,0,0,0,0,1,0
450.5,5,427.97,2024,7,20,5,1,0,1,0,0,0,0,0,1,0,0
342.2,30,239.54,2024,5,5,6,1,0,0,0,0,0,1,0,0,0,1
141.64,50,70.82,2024,4,29,0,0,0,0,0,0,1,0,0,0,0,0
420.46,5,399.44,2024,2,22,3,0,1,0,0,0,0,0,0,0,0,0
154.85,30,108.39,2024,11,9,5,1,1,0,0,0,0,0,0,0,0,1
14.98,50,7.49,2024,9,30,0,0,0,0,0,0,0,1,0,0,1,0
222.53,30,155.77,2024,2,1,3,0,0,0,1,0,0,0,1,0,0,0
469.59,10,422.63,2024,6,29,5,1,0,0,1,0,0,0,1,0,0,0
159.68,30,111.78,2024,7,29,0,0,0,0,1,0,0,0,0,1,0,0
332.28,5,315.67,2024,2,17,5,1,0,1,0,0,0,0,0,0,0,0
43.45,25,32.59,2024,2,22,3,0,0,1,0,0,0,0,0,0,1,0
189.9,15,161.41,2024,1,13,5,1,0,0,0,1,0,0,1,0,0,0
469.25,15,398.86,2024,4,25,3,0,0,1,0,0,0,0,0,0,1,0
176.77,0,176.77,2024,6,21,4,0,0,0,0,1,0,0,0,0,0,1
50.18,50,25.09,2024,7,30,1,0,0,0,0,1,0,0,0,0,1,0
472.29,0,472.29,2024,4,19,4,0,0,0,1,0,0,0,0,1,0,0
168.18,5,159.77,2024,7,27,5,1,1,0,0,0,0,0,1,0,0,0
302.29,10,272.06,2024,2,27,1,0,0,1,0,0,0,0,0,0,0,0
229.69,25,172.27,2024,8,21,2,0,0,0,0,0,0,1,0,0,0,1
39.88,5,37.89,2024,6,9,6,1,0,0,0,0,1,0,1,0,0,0
487.58,15,414.44,2024,4,28,6,1,0,1,0,0,0,0,0,1,0,0
435.68,0,435.68,2024,9,3,1,0,0,0,0,0,0,0,0,0,1,0
246.05,30,172.23,2024,1,11,3,0,0,0,0,0,0,0,0,0,0,1
354.39,10,318.95,2024,11,7,3,0,0,0,0,0,0,1,0,1,0,0
429.88,25,322.41,2024,7,21,6,1,0,0,0,1,0,0,1,0,0,0
382.0,20,305.6,2024,9,2,0,0,0,0,0,0,0,0,0,0,0,1
358.92,30,251.24,2024,3,26,1,0,0,0,0,0,1,0,0,0,0,0
299.6,25,224.7,2024,4,25,3,0,0,0,0,0,1,0,0,1,0,0
399.82,50,199.91,2024,1,14,6,1,0,0,0,0,0,0,0,1,0,0
493.1,25,369.83,2024,7,18,3,0,0,0,0,1,0,0,0,0,1,0
367.95,30,257.56,2024,5,6,0,0,0,0,0,1,0,0,0,0,0,1
24.9,10,22.41,2024,4,2,1,0,0,0,1,0,0,0,0,0,0,1
271.48,50,135.74,2024,5,30,3,0,0,0,0,0,0,0,0,0,0,0
196.43,15,166.97,2024,1,2,1,0,0,0,0,0,0,1,0,0,1,0
158.88,5,150.94,2024,9,27,4,0,0,0,1,0,0,0,0,0,1,0
79.33,20,63.46,2024,8,13,1,0,0,1,0,0,0,0,0,0,0,1
82.45,0,82.45,2024,7,6,5,1,0,0,0,0,0,0,0,1,0,0
120.64,0,120.64,2024,11,9,5,1,0,0,0,0,0,0,0,1,0,0
41.21,0,41.21,2024,7,3,2,0,1,0,0,0,0,0,1,0,0,0
57.34,20,45.87,2024,8,15,3,0,0,0,0,0,0,0,0,0,0,0
339.34,15,288.44,2024,5,13,0,0,0,0,0,0,1,0,0,0,1,0
204.21,15,173.58,2024,2,17,5,1,0,1,0,0,0,0,0,0,1,0
338.65,30,237.05,2024,2,24,5,1,0,0,0,0,0,1,0,1,0,0
489.79,50,244.9,2024,4,15,0,0,0,0,0,0,1,0,0,0,0,0
109.25,5,103.79,2024,9,24,1,0,0,1,0,0,0,0,1,0,0,0
51.45,15,43.73,2024,1,14,6,1,0,1,0,0,0,0,0,0,0,0
335.99,20,268.79,2024,5,9,3,0,0,0,1,0,0,0,0,0,1,0
330.38,15,280.82,2024,10,27,6,1,0,1,0,0,0,0,0,0,1,0
131.14,5,124.58,2024,6,19,2,0,0,0,1,0,0,0,0,0,1,0
70.91,10,63.82,2024,1,31,2,0,0,0,0,0,0,0,0,1,0,0
60.45,20,48.36,2024,4,23,1,0,0,1,0,0,0,0,0,0,0,1
15.53,10,13.98,2024,4,25,3,0,0,0,0,0,0,0,0,0,0,1
73.02,15,62.07,2024,10,6,6,1,0,0,0,0,1,0,1,0,0,0
145.2,15,123.42,2024,11,15,4,0,0,0,0,0,0,0,0,1,0,0
169.63,0,169.63,2024,11,6,2,0,0,0,0,0,0,1,0,0,1,0
298.89,0,298.89,2024,1,24,2,0,1,0,0,0,0,0,1,0,0,0
44.62,50,22.31,2024,6,26,2,0,0,0,0,0,0,1,0,1,0,0
141.65,50,70.83,2024,10,20,6,1,0,0,1,0,0,0,0,0,0,1
68.93,10,62.04,2024,9,26,3,0,0,0,0,0,0,0,0,0,0,0
466.55,25,349.91,2024,11,20,2,0,1,0,0,0,0,0,0,0,1,0
363.65,25,272.74,2024,5,15,2,0,1,0,0,0,0,0,0,0,1,0
332.45,50,166.22,2024,6,4,1,0,0,0,1,0,0,0,0,0,0,1
70.54,30,49.38,2024,9,11,2,0,0,0,0,0,0,0,0,0,1,0
419.78,20,335.82,2024,8,8,3,0,0,1,0,0,0,0,0,0,0,1
229.55,15,195.12,2024,11,2,5,1,1,0,0,0,0,0,0,0,0,0
352.62,0,352.62,2024,4,27,5,1,0,0,0,0,0,0,1,0,0,0
291.47,15,247.75,2024,7,14,6,1,0,1,0,0,0,0,0,0,0,0
283.16,30,198.21,2024,4,26,4,0,1,0,0,0,0,0,0,0,0,1
191.38,15,162.67,2024,1,23,1,0,0,0,0,0,0,1,0,0,1,0
342.06,15,290.75,2024,3,30,5,1,0,0,0,0,0,1,0,1,0,0
161.34,0,161.34,2024,2,29,3,0,0,0,0,0,0,0,0,0,0,1
65.76,10,59.18,2024,9,6,4,0,0,0,0,0,1,0,0,1,0,0
479.55,50,239.78,2024,3,13,2,0,0,0,0,1,0,0,0,0,1,0
38.91,50,19.45,2024,7,23,1,0,0,0,0,1,0,0,0,0,1,0
110.36,30,77.25,2024,9,14,5,1,0,0,0,0,0,0,1,0,0,0
249.3,5,236.84,2024,9,22,6,1,0,0,1,0,0,0,0,0,0,0
211.9,15,180.12,2024,10,5,5,1,0,0,1,0,0,0,0,0,0,0
442.51,0,442.51,2024,11,1,4,0,0,0,0,0,0,1,1,0,0,0
315.06,25,236.3,2024,1,19,4,0,0,0,0,0,0,1,0,0,1,0
343.3,30,240.31,2024,3,30,5,1,0,0,0,0,0,0,0,0,1,0
283.44,15,240.92,2024,6,16,6,1,0,0,1,0,0,0,0,0,0,1
370.42,30,259.29,2024,7,13,5,1,0,0,0,1,0,0,0,0,0,1
196.54,0,196.54,2024,10,21,0,0,0,0,0,0,0,0,0,1,0,0
135.73,15,115.37,2024,8,27,1,0,0,0,0,0,0,0,0,1,0,0
129.34,15,109.94,2024,8,30,4,0,0,1,0,0,0,0,0,0,0,0
35.85,10,32.27,2024,8,15,3,0,1,0,0,0,0,0,1,0,0,0
247.91,20,198.33,2024,1,12,4,0,0,0,0,0,0,0,0,0,0,0
343.77,30,240.64,2024,4,1,0,0,0,0,0,1,0,0,0,0,1,0
219.9,0,219.9,2024,1,9,1,0,0,0,0,1,0,0,0,1,0,0
111.63,30,78.14,2024,4,26,4,0,0,0,0,0,1,0,0,0,0,0
12.81,0,12.81,2024,2,28,2,0,0,0,1,0,0,0,0,0,0,1
42.07,15,35.76,2024,9,27,4,0,0,0,0,0,0,1,0,0,1,0
12.31,10,11.08,2024,9,9,0,0,1,0,0,0,0,0,1,0,0,0
117.78,10,106.0,2024,5,18,5,1,0,0,0,0,0,1,0,0,1,0
139.02,30,97.31,2024,1,18,3,0,0,0,0,0,1,0,0,0,0,0
470.95,20,376.76,2024,1,2,1,0,0,1,0,0,0,0,1,0,0,0
219.54,15,186.61,2024,4,22,0,0,0,1,0,0,0,0,0,0,0,1
121.26,0,121.26,2024,5,30,3,0,0,0,0,0,0,1,0,0,0,0
247.73,20,198.18,2024,10,14,0,0,0,0,1,0,0,0,0,0,0,0
96.82,5,91.98,2024,5,24,4,0,1,0,0,0,0,0,1,0,0,0
62.47,15,53.1,2024,8,15,3,0,0,0,0,0,0,1,0,0,0,0
367.66,20,294.13,2024,2,10,5,1,0,1,0,0,0,0,0,0,0,0
349.25,10,314.32,2024,8,2,4,0,0,0,0,1,0,0,0,0,0,1
130.8,25,98.1,2024,3,1,4,0,0,1,0,0,0,0,0,1,0,0
186.72,50,93.36,2024,7,31,2,0,0,1,0,0,0,0,1,0,0,0
364.33,30,255.03,2024,9,12,3,0,0,0,0,1,0,0,0,0,0,1
442.58,5,420.45,2024,6,25,1,0,0,0,0,0,0,1,0,0,1,0
114.99,5,109.24,2024,4,8,0,0,0,0,0,1,0,0,1,0,0,0
239.96,50,119.98,2024,7,11,3,0,0,0,0,1,0,0,0,1,0,0
105.15,5,99.89,2024,9,3,1,0,0,0,0,1,0,0,0,0,1,0
169.17,25,126.88,2024,10,16,2,0,0,1,0,0,0,0,0,0,0,1
102.19,15,86.86,2024,5,2,3,0,0,0,0,0,0,1,0,0,0,0
448.45,0,448.45,2024,10,17,3,0,0,1,0,0,0,0,0,1,0,0
253.96,10,228.56,2024,4,23,1,0,0,0,0,1,0,0,0,0,0,0
11.78,50,5.89,2024,11,6,2,0,1,0,0,0,0,0,0,0,0,1
369.37,0,369.37,2024,10,24,3,0,0,1,0,0,0,0,1,0,0,0
428.52,50,214.26,2024,7,15,0,0,0,1,0,0,0,0,1,0,0,0
381.47,30,267.03,2024,10,10,3,0,1,0,0,0,0,0,0,0,1,0
414.58,20,331.66,2024,2,18,6,1,0,0,1,0,0,0,0,0,0,1
49.72,10,44.75,2024,3,18,0,0,0,1,0,0,0,0,0,0,1,0
51.29,30,35.9,2024,5,27,0,0,0,0,0,0,0,1,0,0,1,0
309.46,0,309.46,2024,1,11,3,0,0,0,0,0,1,0,0,1,0,0
313.73,30,219.61,2024,2,20,1,0,0,0,0,0,0,0,0,0,0,1
272.64,20,218.11,2024,11,17,6,1,1,0,0,0,0,0,0,0,0,0
267.6,20,214.08,2024,2,19,0,0,0,0,0,1,0,0,0,0,1,0
498.34,5,473.42,2024,11,17,6,1,0,0,0,0,0,0,0,0,1,0
161.07,10,144.96,2024,3,29,4,0,0,0,0,0,0,1,0,0,0,1
282.59,25,211.94,2024,3,21,3,0,1,0,0,0,0,0,0,0,1,0
270.51,25,202.88,2024,11,4,0,0,0,0,0,1,0,0,0,0,0,0
486.77,30,340.74,2024,6,10,0,0,0,0,0,0,0,0,0,0,0,0
70.29,25,52.72,2024,4,6,5,1,1,0,0,0,0,0,0,0,1,0
286.09,25,214.57,2024,9,23,0,0,0,0,0,0,1,0,1,0,0,0
15.28,20,12.22,2024,11,13,2,0,0,0,0,0,0,0,0,0,0,1
493.29,25,369.97,2024,11,17,6,1,0,0,0,0,0,1,0,1,0,0
499.03,50,249.51,2024,4,24,2,0,0,0,0,1,0,0,0,0,1,0
55.74,20,44.59,2024,1,24,2,0,0,0,0,0,0,1,0,0,0,1
39.08,0,39.08,2024,6,13,3,0,0,0,1,0,0,0,0,1,0,0
184.5,0,184.5,2024,10,18,4,0,1,0,0,0,0,0,0,1,0,0
23.78,25,17.84,2024,5,5,6,1,0,0,0,0,1,0,0,1,0,0
305.11,5,289.85,2024,8,28,2,0,0,0,0,0,0,1,0,1,0,0
70.75,30,49.52,2024,3,10,6,1,0,0,0,0,0,0,0,0,0,1
47.82,50,23.91,2024,2,25,6,1,0,0,0,0,0,1,0,1,0,0
315.17,0,315.17,2024,2,22,3,0,0,0,1,0,0,0,1,0,0,0
391.15,30,273.8,2024,8,21,2,0,0,0,0,1,0,0,1,0,0,0
208.82,0,208.82,2024,4,13,5,1,0,0,0,1,0,0,0,0,0,0
167.14,10,150.43,2024,11,12,1,0,0,1,0,0,0,0,0,0,0,0
103.58,30,72.51,2024,3,30,5,1,0,0,0,0,0,1,1,0,0,0
330.62,30,231.43,2024,2,19,0,0,0,1,0,0,0,0,0,0,1,0
332.62,20,266.1,2024,10,7,0,0,0,0,0,0,0,1,0,0,0,1
378.56,10,340.7,2024,10,11,4,0,0,0,1,0,0,0,0,0,0,1
316.26,0,316.26,2024,4,4,3,0,0,0,0,0,0,1,0,1,0,0
342.44,20,273.95,2024,10,23,2,0,0,0,0,1,0,0,0,0,1,0
397.84,30,278.49,2024,10,13,6,1,0,0,0,0,0,0,0,0,1,0
108.21,10,97.39,2024,10,10,3,0,0,0,1,0,0,0,1,0,0,0
18.66,0,18.66,2024,4,18,3,0,0,0,0,1,0,0,0,0,0,1
409.47,30,286.63,2024,9,22,6,1,0,0,0,0,0,0,0,1,0,0
173.97,30,121.78,2024,11,11,0,0,0,0,0,1,0,0,0,0,1,0
168.6,15,143.31,2024,5,8,2,0,0,0,0,0,0,0,1,0,0,0
339.21,10,305.29,2024,7,14,6,1,0,0,0,1,0,0,1,0,0,0
285.03,25,213.77,2024,7,29,0,0,0,0,1,0,0,0,0,1,0,0
248.35,0,248.35,2024,6,25,1,0,0,0,0,0,0,1,0,1,0,0
457.3,0,457.3,2024,5,16,3,0,0,0,0,1,0,0,0,0,1,0
473.99,30,331.79,2024,5,26,6,1,0,0,0,0,0,0,1,0,0,0
374.73,15,318.52,2024,6,21,4,0,0,0,0,1,0,0,0,0,0,0
98.06,0,98.06,2024,7,29,0,0,1,0,0,0,0,0,0,1,0,0
96.7,15,82.19,2024,1,13,5,1,0,0,0,0,1,0,0,0,1,0
242.2,30,169.54,2024,10,10,3,0,0,0,0,0,1,0,1,0,0,0
68.81,25,51.61,2024,2,20,1,0,0,0,0,1,0,0,0,0,0,0
279.24,50,139.62,2024,3,13,2,0,0,0,0,1,0,0,1,0,0,0
157.2,10,141.48,2024,5,29,2,0,0,0,1,0,0,0,1,0,0,0
100.84,20,80.67,2024,3,10,6,1,0,0,0,0,1,0,0,0,0,0
475.29,25,356.47,2024,3,7,3,0,0,0,0,0,1,0,0,0,0,0
354.3,25,265.73,2024,1,16,1,0,0,0,0,1,0,0,1,0,0,0
411.94,0,411.94,2024,5,22,2,0,0,0,1,0,0,0,0,0,0,0
394.76,25,296.07,2024,3,28,3,0,0,0,0,1,0,0,0,0,1,0
145.13,25,108.85,2024,6,13,3,0,0,0,0,0,0,0,1,0,0,0
357.28,10,321.55,2024,1,22,0,0,0,0,0,1,0,0,0,0,0,0
471.26,15,400.57,2024,9,16,0,0,0,0,1,0,0,0,0,0,0,1
266.52,20,213.22,2024,5,6,0,0,0,0,0,1,0,0,0,0,0,1
424.42,5,403.2,2024,11,21,3,0,0,1,0,0,0,0,0,1,0,0
340.82,0,340.82,2024,5,23,3,0,0,0,0,0,0,1,0,1,0,0
14.61,5,13.88,2024,4,16,1,0,0,1,0,0,0,0,0,0,0,1
361.82,20,289.46,2024,11,8,4,0,0,0,0,0,0,0,0,0,0,0
408.43,50,204.22,2024,5,4,5,1,1,0,0,0,0,0,0,1,0,0
298.3,25,223.73,2024,10,20,6,1,0,1,0,0,0,0,1,0,0,0
107.22,0,107.22,2024,6,8,5,1,0,0,0,0,1,0,0,1,0,0
62.65,50,31.32,2024,5,10,4,0,1,0,0,0,0,0,0,0,0,1
388.74,15,330.43,2024,10,17,3,0,0,1,0,0,0,0,0,0,0,0
170.72,5,162.18,2024,5,19,6,1,0,0,1,0,0,0,0,0,1,0
427.8,20,342.24,2024,8,11,6,1,0,0,1,0,0,0,1,0,0,0
172.15,0,172.15,2024,9,7,5,1,0,0,0,0,1,0,0,0,0,0
123.37,25,92.53,2024,6,26,2,0,0,1,0,0,0,0,1,0,0,0
395.77,20,316.62,2024,2,20,1,0,0,0,0,0,0,0,0,1,0,0
326.73,15,277.72,2024,9,18,2,0,0,0,1,0,0,0,0,0,1,0
196.18,30,137.33,2024,7,11,3,0,0,0,0,0,0,0,1,0,0,0
355.37,10,319.83,2024,1,8,0,0,0,0,0,1,0,0,0,0,0,1
72.64,20,58.11,2024,3,21,3,0,0,0,0,0,0,0,0,0,0,1
94.64,30,66.25,2024,3,31,6,1,0,1,0,0,0,0,1,0,0,0
363.85,5,345.66,2024,10,24,3,0,0,0,0,0,1,0,0,1,0,0
182.2,30,127.54,2024,5,22,2,0,0,0,0,0,0,0,1,0,0,0
114.15,20,91.32,2024,1,29,0,0,0,0,0,0,0,0,1,0,0,0
135.7,15,115.34,2024,10,4,4,0,0,1,0,0,0,0,0,0,0,1
421.02,25,315.76,2024,5,10,4,0,0,0,0,0,0,0,0,1,0,0
476.41,10,428.77,2024,5,6,0,0,0,0,1,0,0,0,0,0,1,0
92.19,10,82.97,2024,1,3,2,0,0,0,1,0,0,0,0,0,0,0
258.6,15,219.81,2024,2,9,4,0,0,1,0,0,0,0,0,0,1,0
154.47,5,146.75,2024,1,17,2,0,0,1,0,0,0,0,0,1,0,0
57.82,10,52.04,2024,1,28,6,1,0,0,0,0,0,1,0,0,1,0
493.56,30,345.49,2024,1,3,2,0,0,0,0,0,0,0,0,0,0,1
92.41,50,46.2,2024,10,17,3,0,0,0,0,0,0,1,0,0,1,0
433.77,20,347.02,2024,9,3,1,0,0,0,0,0,1,0,0,0,1,0
368.86,50,184.43,2024,7,25,3,0,0,0,0,0,1,0,0,0,0,0
227.2,20,181.76,2024,10,4,4,0,0,1,0,0,0,0,1,0,0,0
167.04,20,133.63,2024,8,24,5,1,0,0,0,0,0,1,0,0,1,0
129.27,15,109.88,2024,8,12,0,0,0,0,0,0,0,0,0,1,0,0
434.22,25,325.67,2024,2,18,6,1,0,1,0,0,0,0,0,1,0,0
397.35,10,357.62,2024,4,25,3,0,0,0,0,0,0,0,0,1,0,0
116.85,30,81.79,2024,10,2,2,0,0,0,0,0,1,0,0,0,0,0
356.66,5,338.83,2024,8,21,2,0,0,0,0,0,1,0,1,0,0,0
202.5,50,101.25,2024,1,7,6,1,0,0,0,0,0,0,0,0,0,1
373.86,30,261.7,2024,5,28,1,0,0,0,0,0,0,0,1,0,0,0
247.81,0,247.81,2024,7,7,6,1,0,1,0,0,0,0,0,0,0,1
298.05,5,283.15,2024,4,15,0,0,0,0,0,1,0,0,1,0,0,0
364.54,5,346.31,2024,8,24,5,1,0,0,0,0,0,0,0,0,1,0
48.49,10,43.64,2024,7,12,4,0,0,0,0,0,1,0,1,0,0,0
270.36,15,229.81,2024,9,29,6,1,0,0,0,1,0,0,1,0,0,0
279.37,0,279.37,2024,8,25,6,1,0,0,0,1,0,0,0,0,0,1
235.71,20,188.57,2024,5,28,1,0,0,0,0,0,1,0,0,0,1,0
358.33,5,340.41,2024,1,27,5,1,0,0,0,0,1,0,0,0,1,0
62.99,30,44.09,2024,11,3,6,1,0,0,0,0,0,0,0,0,0,1
108.95,0,108.95,2024,11,16,5,1,0,0,0,0,1,0,0,0,1,0
321.56,25,241.17,2024,4,25,3,0,0,1,0,0,0,0,0,0,0,0
271.59,25,203.69,2024,11,5,1,0,0,0,0,0,1,0,0,1,0,0
498.73,25,374.05,2024,8,1,3,0,1,0,0,0,0,0,0,0,0,1
135.77,25,101.83,2024,7,12,4,0,0,0,0,0,0,0,1,0,0,0
341.68,10,307.51,2024,3,1,4,0,0,0,0,1,0,0,0,0,1,0
187.86,20,150.29,2024,9,11,2,0,0,0,0,0,0,0,0,1,0,0
273.85,0,273.85,2024,7,29,0,0,0,0,0,0,0,1,0,0,0,0
359.75,30,251.82,2024,2,9,4,0,0,0,0,0,1,0,0,1,0,0
497.98,50,248.99,2024,1,4,3,0,0,0,0,0,1,0,0,0,0,0
191.08,20,152.86,2024,6,24,0,0,0,1,0,0,0,0,0,0,0,1
425.53,30,297.87,2024,2,5,0,0,0,0,1,0,0,0,1,0,0,0
116.19,20,92.95,2024,4,24,2,0,0,0,0,0,1,0,0,0,0,0
365.32,5,347.05,2024,9,6,4,0,0,0,0,0,1,0,0,0,0,1
12.56,20,10.05,2024,3,5,1,0,1,0,0,0,0,0,0,0,0,1
133.11,10,119.8,2024,6,11,1,0,0,0,0,0,0,1,0,1,0,0
415.94,10,374.35,2024,1,22,0,0,0,0,0,0,0,0,0,0,0,0
57.71,15,49.05,2024,4,22,0,0,1,0,0,0,0,0,1,0,0,0
51.09,10,45.98,2024,4,27,5,1,0,0,0,0,0,1,0,0,0,0
480.65,30,336.45,2024,10,29,1,0,1,0,0,0,0,0,0,0,0,1
495.95,5,471.15,2024,7,10,2,0,0,0,0,1,0,0,0,1,0,0
55.64,15,47.29,2024,6,7,4,0,0,0,0,1,0,0,1,0,0,0
244.52,5,232.29,2024,4,24,2,0,0,0,0,0,0,0,1,0,0,0
485.72,10,437.15,2024,6,2,6,1,0,1,0,0,0,0,0,1,0,0
152.19,15,129.36,2024,3,31,6,1,0,1,0,0,0,0,1,0,0,0
481.03,50,240.51,2024,11,3,6,1,0,0,0,0,0,0,1,0,0,0
74.24,10,66.82,2024,9,25,2,0,0,0,0,0,0,0,1,0,0,0
108.12,50,54.06,2024,8,2,4,0,0,0,0,1,0,0,0,0,0,0
418.85,0,418.85,2024,2,11,6,1,0,0,0,1,0,0,0,0,0,1
323.61,5,307.43,2024,4,16,1,0,0,0,0,0,1,0,0,0,1,0
473.15,10,425.83,2024,1,21,6,1,0,0,0,0,1,0,0,1,0,0
439.29,20,351.43,2024,6,5,2,0,0,0,1,0,0,0,0,0,0,1
415.71,5,394.92,2024,2,19,0,0,0,0,1,0,0,0,0,0,0,0
197.33,20,157.86,2024,2,18,6,1,0,0,0,0,0,1,0,1,0,0
488.2,5,463.79,2024,2,6,1,0,0,0,0,0,1,0,0,0,0,1
238.75,20,191.0,2024,10,23,2,0,0,0,0,0,0,0,1,0,0,0
37.22,30,26.05,2024,4,19,4,0,1,0,0,0,0,0,1,0,0,0
478.77,20,383.02,2024,11,19,1,0,0,1,0,0,0,0,0,0,1,0
441.14,15,374.97,2024,5,2,3,0,0,1,0,0,0,0,0,0,0,1
209.12,30,146.38,2024,5,2,3,0,0,0,0,0,0,1,0,0,0,1
71.71,10,64.54,2024,9,1,6,1,0,0,0,0,0,1,0,0,0,1
213.18,15,181.2,2024,5,20,0,0,0,0,0,0,1,0,0,0,0,0
417.6,20,334.08,2024,5,19,6,1,0,0,0,0,0,0,0,0,0,1
347.93,15,295.74,2024,1,29,0,0,1,0,0,0,0,0,0,1,0,0
431.65,25,323.74,2024,5,20,0,0,0,0,0,0,0,1,1,0,0,0
212.6,0,212.6,2024,3,16,5,1,0,0,0,0,1,0,0,0,0,1
485.75,20,388.6,2024,9,8,6,1,0,0,0,1,0,0,0,0,0,1
230.19,25,172.64,2024,4,10,2,0,0,0,1,0,0,0,0,1,0,0
90.16,5,85.65,2024,6,30,6,1,1,0,0,0,0,0,0,0,0,1
361.98,10,325.78,2024,7,18,3,0,0,0,0,0,0,1,0,0,0,1
404.79,5,384.55,2024,10,31,3,0,0,1,0,0,0,0,0,0,0,0
256.82,15,218.3,2024,5,6,0,0,1,0,0,0,0,0,0,1,0,0
442.96,5,420.81,2024,2,13,1,0,0,0,0,0,1,0,0,1,0,0
32.72,30,22.9,2024,9,25,2,0,0,0,0,1,0,0,0,1,0,0
90.24,0,90.24,2024,5,7,1,0,0,0,0,1,0,0,1,0,0,0
117.91,0,117.91,2024,8,19,0,0,0,0,0,0,1,0,0,1,0,0
389.12,25,291.84,2024,2,23,4,0,0,0,0,0,0,0,0,0,1,0
450.24,0,450.24,2024,4,28,6,1,0,0,0,0,0,0,1,0,0,0
329.33,15,279.93,2024,11,2,5,1,1,0,0,0,0,0,0,1,0,0
344.85,5,327.61,2024,5,5,6,1,0,0,1,0,0,0,0,1,0,0
343.88,5,326.69,2024,4,12,4,0,0,0,0,1,0,0,0,0,0,0
423.67,50,211.84,2024,2,9,4,0,1,0,0,0,0,0,0,0,0,1
16.99,0,16.99,2024,11,3,6,1,0,0,0,0,0,0,0,1,0,0
483.73,20,386.98,2024,10,2,2,0,1,0,0,0,0,0,0,0,0,0
245.8,10,221.22,2024,9,21,5,1,0,0,0,0,1,0,0,1,0,0
55.84,0,55.84,2024,3,29,4,0,0,0,0,0,0,0,0,0,0,0
390.3,20,312.24,2024,3,8,4,0,0,0,0,1,0,0,1,0,0,0
147.52,25,110.64,2024,7,7,6,1,1,0,0,0,0,0,1,0,0,0
493.32,10,443.99,2024,4,26,4,0,0,1,0,0,0,0,1,0,0,0
110.72,25,83.04,2024,8,31,5,1,1,0,0,0,0,0,0,0,0,0
164.11,5,155.9,2024,9,11,2,0,1,0,0,0,0,0,0,0,1,0
282.41,5,268.29,2024,1,20,5,1,0,1,0,0,0,0,0,0,1,0
139.5,25,104.62,2024,1,12,4,0,0,1,0,0,0,0,1,0,0,0
413.16,15,351.19,2024,11,20,2,0,0,0,0,1,0,0,0,0,0,0
37.42,5,35.55,2024,1,8,0,0,1,0,0,0,0,0,0,0,1,0
464.57,10,418.11,2024,6,20,3,0,0,0,0,0,0,0,0,0,0,0
57.23,5,54.37,2024,6,30,6,1,0,0,1,0,0,0,0,1,0,0
254.76,0,254.76,2024,6,6,3,0,0,0,1,0,0,0,0,1,0,0
59.22,10,53.3,2024,4,27,5,1,0,1,0,0,0,0,1,0,0,0
219.74,20,175.79,2024,10,27,6,1,0,0,0,0,0,1,0,0,0,0
452.36,5,429.74,2024,3,23,5,1,0,0,0,0,0,1,0,0,1,0
269.81,5,256.32,2024,4,6,5,1,0,0,0,0,0,0,0,1,0,0
325.14,20,260.11,2024,7,24,2,0,0,0,1,0,0,0,0,0,0,0
439.39,50,219.69,2024,1,8,0,0,0,0,0,0,0,1,1,0,0,0
429.22,25,321.92,2024,1,9,1,0,0,0,0,0,0,0,0,1,0,0
220.71,10,198.64,2024,3,29,4,0,0,1,0,0,0,0,0,0,1,0
12.15,5,11.54,2024,1,2,1,0,0,0,0,0,0,1,0,1,0,0
348.91,15,296.57,2024,9,27,4,0,0,0,0,1,0,0,1,0,0,0
176.27,10,158.64,2024,4,16,1,0,1,0,0,0,0,0,0,1,0,0
115.08,15,97.82,2024,1,31,2,0,0,0,0,0,0,0,1,0,0,0
442.08,50,221.04,2024,3,14,3,0,0,0,0,0,0,1,1,0,0,0
289.28,20,231.42,2024,4,21,6,1,0,0,0,0,1,0,1,0,0,0
321.34,5,305.27,2024,10,6,6,1,1,0,0,0,0,0,0,1,0,0
73.18,50,36.59,2024,8,5,0,0,0,0,0,0,0,1,0,1,0,0
14.65,15,12.45,2024,9,21,5,1,0,0,0,0,0,0,0,0,1,0
166.33,50,83.17,2024,4,15,0,0,0,1,0,0,0,0,0,0,0,0
368.81,5,350.37,2024,9,22,6,1,0,0,0,1,0,0,0,0,1,0
140.52,30,98.36,2024,3,31,6,1,0,0,0,0,1,0,0,0,0,0
468.38,25,351.28,2024,8,2,4,0,0,0,0,0,0,0,0,1,0,0
424.75,20,339.8,2024,2,4,6,1,0,0,0,0,0,0,0,0,1,0
367.63,15,312.49,2024,5,18,5,1,0,0,0,1,0,0,0,1,0,0
269.57,10,242.61,2024,5,19,6,1,0,0,0,1,0,0,0,1,0,0
168.68,25,126.51,2024,7,28,6,1,1,0,0,0,0,0,0,0,0,0
291.45,15,247.73,2024,9,12,3,0,0,0,0,0,0,0,1,0,0,0
256.77,10,231.09,2024,5,8,2,0,0,0,0,0,0,1,0,0,0,0
477.27,30,334.09,2024,10,22,1,0,0,0,0,1,0,0,0,0,0,1
344.29,20,275.43,2024,6,4,1,0,0,0,0,0,0,0,0,0,0,1
347.22,15,295.14,2024,1,18,3,0,1,0,0,0,0,0,0,0,1,0
100.75,30,70.52,2024,8,24,5,1,0,0,0,0,1,0,0,0,1,0
464.61,0,464.61,2024,10,2,2,0,0,0,0,1,0,0,0,0,1,0
30.49,20,24.39,2024,3,7,3,0,0,1,0,0,0,0,0,0,0,0
331.13,20,264.9,2024,1,24,2,0,0,0,0,0,1,0,0,0,1,0
214.77,20,171.82,2024,6,21,4,0,0,1,0,0,0,0,0,0,0,1
55.69,50,27.84,2024,6,11,1,0,0,0,0,1,0,0,0,0,1,0
240.01,30,168.01,2024,5,4,5,1,0,0,0,0,0,0,0,0,0,1
151.5,10,136.35,2024,6,17,0,0,0,0,1,0,0,0,1,0,0,0
82.55,20,66.04,2024,9,15,6,1,0,0,0,0,1,0,1,0,0,0
161.32,0,161.32,2024,4,14,6,1,1,0,0,0,0,0,1,0,0,0
255.65,10,230.09,2024,4,27,5,1,0,1,0,0,0,0,0,0,0,0
14.37,0,14.37,2024,9,29,6,1,0,1,0,0,0,0,0,1,0,0
145.14,15,123.37,2024,9,1,6,1,0,1,0,0,0,0,0,0,0,0
447.34,30,313.14,2024,8,12,0,0,0,0,0,0,0,1,0,1,0,0
41.41,20,33.13,2024,6,18,1,0,0,0,1,0,0,0,0,0,0,0
469.59,5,446.11,2024,3,2,5,1,0,0,1,0,0,0,0,0,1,0
138.81,50,69.41,2024,11,6,2,0,0,0,0,0,1,0,1,0,0,0
152.35,50,76.17,2024,8,10,5,1,1,0,0,0,0,0,0,0,0,1
391.14,15,332.47,2024,3,30,5,1,1,0,0,0,0,0,0,1,0,0
264.31,5,251.09,2024,6,3,0,0,0,0,0,0,0,0,0,0,0,1
94.05,25,70.54,2024,5,20,0,0,1,0,0,0,0,0,0,1,0,0
132.08,20,105.66,2024,7,16,1,0,0,0,0,0,0,1,0,0,0,0
410.94,0,410.94,2024,7,11,3,0,0,0,1,0,0,0,0,0,1,0
299.69,5,284.71,2024,7,18,3,0,0,0,0,0,0,0,0,0,0,0
260.56,5,247.53,2024,7,14,6,1,1,0,0,0,0,0,0,0,1,0
92.61,50,46.3,2024,3,19,1,0,0,1,0,0,0,0,0,0,0,1
373.0,5,354.35,2024,9,19,3,0,0,1,0,0,0,0,0,0,0,0
424.68,15,360.98,2024,3,5,1,0,0,1,0,0,0,0,0,0,0,0
105.0,10,94.5,2024,4,18,3,0,1,0,0,0,0,0,0,1,0,0
26.92,20,21.54,2024,9,20,4,0,0,0,0,1,0,0,0,0,0,1
26.81,50,13.4,2024,3,27,2,0,0,0,0,0,0,1,0,0,1,0
333.98,30,233.79,2024,5,20,0,0,0,0,0,0,1,0,0,0,1,0
381.69,30,267.18,2024,8,31,5,1,0,0,1,0,0,0,0,0,0,0
212.65,50,106.33,2024,8,2,4,0,0,0,0,1,0,0,0,0,0,1
375.68,10,338.11,2024,8,10,5,1,1,0,0,0,0,0,0,0,0,1
38.74,10,34.87,2024,4,19,4,0,0,0,1,0,0,0,1,0,0,0
185.13,5,175.87,2024,6,30,6,1,0,0,0,1,0,0,0,0,0,0
156.51,15,133.03,2024,1,7,6,1,0,0,0,0,0,0,1,0,0,0
106.27,15,90.33,2024,10,27,6,1,0,0,0,1,0,0,0,0,1,0
137.59,15,116.95,2024,11,2,5,1,0,0,0,1,0,0,0,1,0,0
38.62,50,19.31,2024,4,30,1,0,0,0,0,0,0,1,1,0,0,0
316.12,25,237.09,2024,4,28,6,1,0,0,0,0,1,0,0,1,0,0
118.28,15,100.54,2024,4,4,3,0,0,1,0,0,0,0,0,1,0,0
120.16,10,108.14,2024,9,27,4,0,0,0,0,0,0,0,0,0,1,0
286.23,0,286.23,2024,10,27,6,1,0,0,0,0,1,0,0,0,1,0
334.87,15,284.64,2024,4,25,3,0,0,0,0,1,0,0,0,1,0,0
79.07,30,55.35,2024,3,17,6,1,1,0,0,0,0,0,0,0,1,0
248.07,15,210.86,2024,11,13,2,0,0,0,0,0,0,0,0,0,1,0
158.66,5,150.73,2024,7,23,1,0,1,0,0,0,0,0,0,1,0,0
233.88,10,210.49,2024,4,28,6,1,0,0,0,0,1,0,1,0,0,0
324.33,0,324.33,2024,10,14,0,0,1,0,0,0,0,0,0,0,0,1
416.78,50,208.39,2024,9,2,0,0,0,0,0,0,1,0,0,1,0,0
163.98,20,131.18,2024,10,13,6,1,0,1,0,0,0,0,0,1,0,0
462.11,30,323.48,2024,1,13,5,1,0,0,0,0,0,0,0,0,0,0
441.45,10,397.31,2024,9,12,3,0,0,0,0,1,0,0,0,0,1,0
50.81,10,45.73,2024,7,13,5,1,0,0,1,0,0,0,0,0,0,1
341.92,20,273.54,2024,6,22,5,1,0,0,0,0,0,1,0,1,0,0
182.16,0,182.16,2024,11,12,1,0,0,0,0,0,0,1,1,0,0,0
436.44,10,392.8,2024,9,21,5,1,1,0,0,0,0,0,0,0,0,1
179.26,50,89.63,2024,10,19,5,1,0,0,0,0,0,0,0,0,0,0
471.43,0,471.43,2024,5,6,0,0,0,0,0,0,0,0,0,0,0,1
431.46,10,388.31,2024,3,2,5,1,0,0,1,0,0,0,0,1,0,0
230.47,0,230.47,2024,4,8,0,0,0,0,0,1,0,0,0,0,0,0
421.62,15,358.38,2024,1,14,6,1,0,0,0,0,1,0,1,0,0,0
308.95,30,216.26,2024,7,20,5,1,0,0,0,0,1,0,0,0,0,0
187.72,20,150.18,2024,2,12,0,0,1,0,0,0,0,0,1,0,0,0
273.34,15,232.34,2024,6,6,3,0,0,1,0,0,0,0,0,1,0,0
469.76,20,375.81,2024,11,20,2,0,0,1,0,0,0,0,0,0,0,1
46.25,15,39.31,2024,3,17,6,1,0,0,1,0,0,0,0,0,1,0
115.88,25,86.91,2024,11,7,3,0,0,1,0,0,0,0,1,0,0,0
144.04,0,144.04,2024,2,10,5,1,0,0,1,0,0,0,0,1,0,0
461.93,25,346.45,2024,2,18,6,1,1,0,0,0,0,0,1,0,0,0
68.08,10,61.27,2024,9,14,5,1,0,0,1,0,0,0,0,0,1,0
156.47,15,133.0,2024,5,13,0,0,0,0,0,1,0,0,1,0,0,0
489.95,20,391.96,2024,8,21,2,0,0,0,0,0,0,1,0,1,0,0
403.62,50,201.81,2024,8,19,0,0,1,0,0,0,0,0,0,0,0,1
175.16,5,166.4,2024,3,30,5,1,0,0,0,0,0,0,0,0,0,0
481.16,15,408.99,2024,1,21,6,1,0,0,0,0,0,1,0,1,0,0
182.13,25,136.6,2024,11,9,5,1,0,0,0,0,0,0,0,0,0,0
289.48,20,231.58,2024,1,30,1,0,1,0,0,0,0,0,0,0,0,1
154.02,30,107.81,2024,4,12,4,0,0,1,0,0,0,0,0,1,0,0
298.47,0,298.47,2024,1,4,3,0,1,0,0,0,0,0,0,1,0,0
119.15,30,83.41,2024,7,29,0,0,0,0,0,0,0,0,0,0,0,0
328.87,5,312.43,2024,2,17,5,1,0,0,0,0,1,0,0,0,0,1
346.81,15,294.79,2024,4,11,3,0,0,0,0,0,1,0,0,0,0,0
210.37,30,147.26,2024,5,11,5,1,1,0,0,0,0,0,0,1,0,0
352.66,5,335.03,2024,3,25,0,0,0,0,0,0,0,0,1,0,0,0
127.78,0,127.78,2024,6,1,5,1,0,0,0,0,0,0,0,0,0,1
61.37,5,58.3,2024,4,7,6,1,0,1,0,0,0,0,1,0,0,0
76.8,5,72.96,2024,6,13,3,0,1,0,0,0,0,0,0,1,0,0
158.42,25,118.81,2024,1,10,2,0,1,0,0,0,0,0,0,0,0,1
349.16,15,296.79,2024,3,11,0,0,0,0,0,1,0,0,1,0,0,0
319.98,10,287.98,2024,10,12,5,1,0,0,0,0,1,0,1,0,0,0
276.08,25,207.06,2024,2,28,2,0,0,0,0,0,1,0,0,0,1,0
324.41,50,162.21,2024,2,27,1,0,0,1,0,0,0,0,0,0,0,1
421.16,30,294.81,2024,1,28,6,1,0,0,0,0,0,0,0,0,1,0
106.66,25,80.0,2024,11,2,5,1,0,0,0,0,0,0,0,0,0,0
174.43,30,122.1,2024,6,14,4,0,0,0,0,0,0,0,1,0,0,0
250.0,25,187.5,2024,6,11,1,0,0,0,0,1,0,0,0,0,0,0
480.82,5,456.78,2024,7,17,2,0,0,0,0,0,0,0,0,0,0,1
187.84,20,150.27,2024,7,12,4,0,0,0,0,1,0,0,0,0,1,0
315.54,10,283.99,2024,10,26,5,1,1,0,0,0,0,0,0,1,0,0
186.17,50,93.08,2024,5,25,5,1,0,0,0,0,1,0,0,0,0,1
204.03,20,163.22,2024,1,15,0,0,0,1,0,0,0,0,0,0,1,0
229.52,20,183.62,2024,8,24,5,1,0,0,0,0,1,0,0,1,0,0
130.16,50,65.08,2024,5,27,0,0,1,0,0,0,0,0,1,0,0,0
470.92,50,235.46,2024,9,9,0,0,0,1,0,0,0,0,0,0,0,1
367.49,20,293.99,2024,8,25,6,1,0,0,0,1,0,0,0,0,0,0
41.11,25,30.83,2024,2,18,6,1,0,0,0,0,1,0,0,1,0,0
276.12,20,220.9,2024,3,9,5,1,0,0,0,0,0,1,0,0,1,0
268.14,0,268.14,2024,7,21,6,1,0,0,0,0,0,1,0,1,0,0
108.07,50,54.03,2024,7,21,6,1,0,0,0,1,0,0,0,0,1,0
124.29,50,62.15,2024,6,14,4,0,0,0,0,1,0,0,0,1,0,0
53.55,30,37.48,2024,10,2,2,0,0,1,0,0,0,0,0,1,0,0
149.82,15,127.35,2024,10,18,4,0,0,0,0,1,0,0,0,0,0,0
122.81,20,98.25,2024,4,9,1,0,0,0,1,0,0,0,0,0,1,0
147.44,25,110.58,2024,7,2,1,0,0,1,0,0,0,0,0,0,1,0
71.51,5,67.93,2024,11,15,4,0,0,0,0,0,0,0,0,1,0,0
162.81,30,113.97,2024,11,10,6,1,0,1,0,0,0,0,1,0,0,0
182.35,0,182.35,2024,8,12,0,0,0,0,0,1,0,0,0,1,0,0
334.65,50,167.32,2024,4,26,4,0,0,1,0,0,0,0,1,0,0,0
15.45,0,15.45,2024,8,4,6,1,0,1,0,0,0,0,0,0,0,1
134.04,50,67.02,2024,2,29,3,0,0,0,0,0,0,0,0,0,0,0
432.41,20,345.93,2024,5,24,4,0,0,0,0,0,1,0,0,1,0,0
100.72,30,70.5,2024,2,19,0,0,0,0,0,1,0,0,1,0,0,0
70.94,25,53.2,2024,3,29,4,0,0,0,0,0,0,1,0,0,0,1
62.19,50,31.09,2024,1,27,5,1,0,0,0,1,0,0,0,0,0,0
330.53,10,297.48,2024,10,20,6,1,1,0,0,0,0,0,0,0,0,0
463.2,10,416.88,2024,3,21,3,0,0,0,0,0,1,0,1,0,0,0
11.94,20,9.55,2024,8,13,1,0,0,0,0,0,1,0,0,1,0,0
193.48,5,183.81,2024,9,14,5,1,0,0,0,0,1,0,0,0,0,1
19.09,5,18.14,2024,8,7,2,0,0,0,0,1,0,0,0,0,1,0
194.92,25,146.19,2024,2,21,2,0,0,0,1,0,0,0,0,0,1,0
336.27,0,336.27,2024,10,7,0,0,0,0,1,0,0,0,0,0,0,0
469.29,5,445.83,2024,7,29,0,0,0,0,0,1,0,0,0,0,0,0
15.8,30,11.06,2024,5,31,4,0,0,0,0,0,1,0,0,0,0,0
30.81,25,23.11,2024,11,13,2,0,1,0,0,0,0,0,0,0,0,1
137.04,0,137.04,2024,11,4,0,0,0,0,0,0,0,0,0,0,0,1
316.1,5,300.3,2024,1,5,4,0,0,0,0,0,1,0,0,0,0,0
306.26,50,153.13,2024,11,9,5,1,0,0,0,0,1,0,1,0,0,0
134.53,15,114.35,2024,8,14,2,0,0,0,0,0,1,0,0,0,1,0
426.71,50,213.35,2024,6,18,1,0,0,0,0,1,0,0,0,1,0,0
56.51,5,53.68,2024,5,29,2,0,1,0,0,0,0,0,0,1,0,0
278.86,5,264.92,2024,7,12,4,0,0,0,0,0,0,0,1,0,0,0
471.77,15,401.0,2024,1,19,4,0,0,0,0,0,0,1,1,0,0,0
292.74,0,292.74,2024,10,13,6,1,0,0,0,0,0,0,0,1,0,0
368.17,50,184.09,2024,4,5,4,0,0,1,0,0,0,0,0,1,0,0
313.85,0,313.85,2024,11,7,3,0,0,1,0,0,0,0,1,0,0,0
107.27,10,96.54,2024,6,3,0,0,0,0,0,0,0,1,0,0,0,0
394.07,5,374.37,2024,8,6,1,0,0,1,0,0,0,0,0,0,0,1
414.68,5,393.95,2024,5,8,2,0,0,0,0,0,0,0,0,0,0,0
124.21,0,124.21,2024,5,29,2,0,0,0,0,0,0,0,0,0,0,1
205.1,50,102.55,2024,11,18,0,0,1,0,0,0,0,0,0,0,1,0
249.81,10,224.83,2024,2,3,5,1,0,0,0,0,1,0,0,0,1,0
54.3,0,54.3,2024,9,16,0,0,0,0,0,1,0,0,0,0,0,1
255.6,10,230.04,2024,8,16,4,0,0,0,1,0,0,0,0,0,1,0
491.18,5,466.62,2024,11,4,0,0,1,0,0,0,0,0,0,1,0,0
463.69,50,231.84,2024,10,18,4,0,0,0,0,0,0,1,0,1,0,0
96.86,10,87.17,2024,6,23,6,1,0,0,0,0,0,0,0,0,1,0
180.91,10,162.82,2024,4,7,6,1,0,0,0,0,0,0,1,0,0,0
170.46,10,153.41,2024,3,21,3,0,0,1,0,0,0,0,0,0,0,0
492.41,0,492.41,2024,1,2,1,0,0,1,0,0,0,0,1,0,0,0
191.05,50,95.53,2024,3,28,3,0,0,1,0,0,0,0,0,0,0,1
224.84,15,191.11,2024,8,6,1,0,1,0,0,0,0,0,1,0,0,0
130.19,5,123.68,2024,7,29,0,0,0,0,0,0,0,1,0,0,0,0
132.67,20,106.14,2024,1,10,2,0,0,0,0,0,0,1,0,1,0,0
296.84,25,222.63,2024,7,27,5,1,0,0,0,0,0,1,0,0,1,0
254.11,25,190.58,2024,1,31,2,0,0,0,0,1,0,0,1,0,0,0
273.03,10,245.73,2024,1,29,0,0,0,0,0,0,0,0,0,0,0,0
433.48,50,216.74,2024,8,11,6,1,0,0,1,0,0,0,0,0,0,1
119.22,20,95.38,2024,4,5,4,0,0,1,0,0,0,0,0,0,1,0
83.14,0,83.14,2024,1,12,4,0,0,0,0,0,1,0,0,0,0,1
469.67,50,234.84,2024,2,5,0,0,0,0,0,1,0,0,0,0,0,0
89.73,0,89.73,2024,2,14,2,0,1,0,0,0,0,0,1,0,0,0
154.93,30,108.45,2024,7,18,3,0,0,0,0,0,0,1,0,0,0,0
422.91,25,317.18,2024,8,12,0,0,1,0,0,0,0,0,0,0,0,1
191.22,15,162.54,2024,5,26,6,1,0,0,0,0,1,0,0,0,0,1
282.3,50,141.15,2024,7,13,5,1,0,0,0,0,0,1,0,0,0,1
473.47,5,449.8,2024,4,14,6,1,0,0,0,0,0,0,0,0,1,0
401.02,50,200.51,2024,11,12,1,0,0,0,0,0,1,0,1,0,0,0
212.45,20,169.96,2024,6,12,2,0,1,0,0,0,0,0,1,0,0,0
107.85,0,107.85,2024,6,28,4,0,1,0,0,0,0,0,1,0,0,0
299.44,25,224.58,2024,8,30,4,0,0,0,0,0,1,0,0,1,0,0
180.07,25,135.05,2024,3,27,2,0,0,1,0,0,0,0,0,0,1,0
26.18,20,20.94,2024,7,17,2,0,0,0,0,0,0,0,0,0,0,1
41.5,5,39.42,2024,6,14,4,0,1,0,0,0,0,0,0,0,0,0
487.32,10,438.59,2024,7,8,0,0,1,0,0,0,0,0,0,0,1,0
171.89,10,154.7,2024,10,14,0,0,0,0,0,1,0,0,0,0,0,0
310.88,30,217.62,2024,8,27,1,0,0,0,1,0,0,0,1,0,0,0
462.61,0,462.61,2024,4,25,3,0,0,1,0,0,0,0,0,0,0,0
278.52,50,139.26,2024,4,4,3,0,0,1,0,0,0,0,0,1,0,0
162.92,20,130.34,2024,1,26,4,0,1,0,0,0,0,0,0,1,0,0
172.7,30,120.89,2024,8,11,6,1,0,0,0,1,0,0,0,0,0,1
46.11,0,46.11,2024,4,17,2,0,1,0,0,0,0,0,0,0,0,1
471.76,10,424.58,2024,10,31,3,0,0,0,0,1,0,0,0,0,0,0
263.49,20,210.79,2024,10,31,3,0,0,0,0,1,0,0,0,0,0,1
30.52,20,24.42,2024,10,23,2,0,0,0,0,1,0,0,0,0,1,0
143.49,50,71.75,2024,11,16,5,1,0,0,0,0,0,1,0,1,0,0
21.3,5,20.23,2024,4,5,4,0,0,0,0,0,0,0,0,0,1,0
271.54,15,230.81,2024,2,9,4,0,0,0,1,0,0,0,0,1,0,0
292.99,20,234.39,2024,1,6,5,1,1,0,0,0,0,0,0,1,0,0
119.18,10,107.26,2024,11,19,1,0,1,0,0,0,0,0,0,0,0,0
393.18,50,196.59,2024,6,4,1,0,1,0,0,0,0,0,0,0,1,0
110.59,25,82.94,2024,5,3,4,0,0,0,1,0,0,0,0,1,0,0
488.92,30,342.24,2024,11,16,5,1,0,0,1,0,0,0,1,0,0,0
428.84,0,428.84,2024,7,18,3,0,1,0,0,0,0,0,0,0,1,0
231.78,15,197.01,2024,2,18,6,1,0,0,0,0,0,1,1,0,0,0
118.57,30,83.0,2024,10,3,3,0,1,0,0,0,0,0,0,1,0,0
393.1,15,334.13,2024,4,20,5,1,0,1,0,0,0,0,0,1,0,0
384.99,15,327.24,2024,5,14,1,0,0,0,0,0,1,0,0,0,1,0
171.84,30,120.29,2024,8,28,2,0,0,1,0,0,0,0,0,0,0,1
264.13,5,250.92,2024,7,19,4,0,0,0,0,1,0,0,0,0,0,0
109.89,50,54.95,2024,1,14,6,1,0,0,0,0,0,0,1,0,0,0
447.8,20,358.24,2024,10,30,2,0,0,0,0,0,0,0,0,0,0,0
204.93,50,102.47,2024,4,24,2,0,0,0,0,1,0,0,0,1,0,0
393.43,50,196.72,2024,5,12,6,1,1,0,0,0,0,0,0,0,1,0
425.7,20,340.56,2024,3,13,2,0,0,1,0,0,0,0,0,1,0,0
128.88,10,115.99,2024,8,2,4,0,0,0,1,0,0,0,0,1,0,0
407.36,0,407.36,2024,7,10,2,0,0,1,0,0,0,0,0,0,0,1
415.44,5,394.67,2024,6,4,1,0,0,0,0,0,0,1,0,0,0,1
333.31,25,249.98,2024,5,30,3,0,0,0,1,0,0,0,0,0,0,0
17.86,20,14.29,2024,2,8,3,0,0,0,0,0,1,0,0,0,0,1
14.23,10,12.81,2024,10,18,4,0,0,0,0,1,0,0,0,0,1,0
336.97,0,336.97,2024,4,7,6,1,0,0,0,0,1,0,0,0,0,0
214.24,0,214.24,2024,2,20,1,0,0,0,0,0,0,0,0,0,0,1
330.88,15,281.25,2024,7,24,2,0,0,0,0,0,0,1,1,0,0,0
373.59,50,186.79,2024,2,24,5,1,0,0,0,0,0,0,0,0,0,1
117.15,5,111.29,2024,10,20,6,1,0,0,1,0,0,0,0,1,0,0
267.5,25,200.62,2024,10,23,2,0,0,0,0,0,0,1,0,0,0,1
444.15,5,421.94,2024,1,11,3,0,1,0,0,0,0,0,0,0,1,0
135.6,0,135.6,2024,8,24,5,1,0,0,0,0,1,0,0,0,0,0
70.14,30,49.1,2024,6,4,1,0,0,0,0,1,0,0,1,0,0,0
155.81,50,77.91,2024,8,14,2,0,0,1,0,0,0,0,0,0,0,1
313.29,15,266.3,2024,4,16,1,0,1,0,0,0,0,0,0,1,0,0
478.62,10,430.76,2024,1,9,1,0,0,0,0,0,0,1,1,0,0,0
175.5,25,131.62,2024,11,4,0,0,0,0,0,1,0,0,1,0,0,0
90.76,25,68.07,2024,1,7,6,1,0,0,0,0,0,1,0,0,0,1
323.21,25,242.41,2024,1,29,0,0,0,0,1,0,0,0,0,0,1,0
145.89,15,124.01,2024,3,29,4,0,0,0,0,0,1,0,1,0,0,0
56.77,10,51.09,2024,4,1,0,0,0,0,0,0,0,1,0,1,0,0
168.31,10,151.48,2024,9,22,6,1,0,1,0,0,0,0,0,0,1,0
421.59,0,421.59,2024,7,19,4,0,0,1,0,0,0,0,1,0,0,0
144.19,20,115.35,2024,5,22,2,0,0,0,0,1,0,0,0,1,0,0
479.32,25,359.49,2024,5,13,0,0,0,0,0,0,0,0,0,0,0,1
330.71,25,248.03,2024,11,6,2,0,0,1,0,0,0,0,0,0,0,0
217.35,0,217.35,2024,9,2,0,0,0,0,0,0,0,0,0,1,0,0
193.15,50,96.58,2024,1,13,5,1,1,0,0,0,0,0,1,0,0,0
352.6,0,352.6,2024,4,23,1,0,0,0,0,0,0,1,0,0,0,0
376.39,10,338.75,2024,2,7,2,0,0,0,0,0,1,0,1,0,0,0
498.58,25,373.94,2024,5,6,0,0,0,0,0,0,0,1,0,1,0,0
469.47,30,328.63,2024,6,7,4,0,0,0,1,0,0,0,0,0,0,0
55.95,10,50.36,2024,8,12,0,0,0,0,0,1,0,0,1,0,0,0
334.08,15,283.97,2024,8,14,2,0,0,0,0,0,1,0,0,0,1,0
144.67,0,144.67,2024,1,31,2,0,1,0,0,0,0,0,0,0,0,0
181.21,5,172.15,2024,8,30,4,0,0,0,0,0,0,1,0,0,0,1
273.16,25,204.87,2024,2,17,5,1,0,0,0,0,1,0,0,1,0,0
361.24,50,180.62,2024,7,9,1,0,0,0,0,0,1,0,1,0,0,0
353.7,10,318.33,2024,9,22,6,1,0,0,0,0,1,0,0,0,0,1
373.65,0,373.65,2024,3,14,3,0,0,0,0,0,0,1,0,0,0,1
361.48,30,253.04,2024,9,14,5,1,0,1,0,0,0,0,1,0,0,0
296.22,0,296.22,2024,1,7,6,1,0,0,0,1,0,0,0,0,0,1
48.52,25,36.39,2024,7,14,6,1,0,0,0,0,0,1,0,0,0,0
262.23,20,209.78,2024,11,14,3,0,0,0,0,1,0,0,0,0,1,0
243.84,50,121.92,2024,6,10,0,0,0,1,0,0,0,0,0,1,0,0
41.68,0,41.68,2024,7,23,1,0,0,1,0,0,0,0,0,0,1,0
480.84,10,432.76,2024,2,18,6,1,0,0,0,0,0,1,0,1,0,0
488.06,30,341.64,2024,9,9,0,0,0,0,0,1,0,0,1,0,0,0
91.27,0,91.27,2024,1,8,0,0,0,0,0,0,0,0,1,0,0,0
18.15,0,18.15,2024,6,21,4,0,0,0,1,0,0,0,0,0,1,0
33.14,50,16.57,2024,8,15,3,0,0,0,0,0,0,1,0,0,1,0
392.77,10,353.49,2024,2,1,3,0,0,0,0,1,0,0,1,0,0,0
279.96,15,237.97,2024,2,8,3,0,0,0,1,0,0,0,0,0,1,0
408.64,25,306.48,2024,3,18,0,0,0,1,0,0,0,0,0,0,0,0
491.7,0,491.7,2024,8,19,0,0,0,0,0,1,0,0,1,0,0,0
260.12,0,260.12,2024,7,11,3,0,0,1,0,0,0,0,1,0,0,0
455.77,25,341.83,2024,9,27,4,0,1,0,0,0,0,0,1,0,0,0
55.31,30,38.72,2024,11,15,4,0,0,0,1,0,0,0,0,0,0,1
261.0,10,234.9,2024,3,17,6,1,0,0,0,0,1,0,0,0,0,1
255.6,25,191.7,2024,4,22,0,0,0,0,0,0,0,1,0,0,1,0
173.69,20,138.95,2024,2,13,1,0,0,1,0,0,0,0,0,1,0,0
394.9,30,276.43,2024,1,23,1,0,0,0,1,0,0,0,1,0,0,0
29.46,30,20.62,2024,3,26,1,0,0,0,0,0,0,0,0,1,0,0
273.52,25,205.14,2024,7,9,1,0,0,0,1,0,0,0,1,0,0,0
56.11,20,44.89,2024,4,9,1,0,1,0,0,0,0,0,0,0,0,1
42.89,30,30.02,2024,3,13,2,0,0,0,1,0,0,0,0,0,0,0
92.47,15,78.6,2024,5,24,4,0,0,0,1,0,0,0,0,0,0,1
64.22,15,54.59,2024,1,10,2,0,1,0,0,0,0,0,0,0,0,0
119.63,15,101.69,2024,2,17,5,1,1,0,0,0,0,0,0,0,0,1
357.91,10,322.12,2024,3,16,5,1,0,1,0,0,0,0,1,0,0,0
81.78,10,73.6,2024,10,13,6,1,0,0,0,0,0,0,0,0,1,0
18.63,50,9.31,2024,9,12,3,0,0,0,0,1,0,0,1,0,0,0
249.98,5,237.48,2024,2,28,2,0,0,0,1,0,0,0,0,0,0,0
131.33,50,65.67,2024,10,20,6,1,0,0,0,0,1,0,0,1,0,0
430.99,5,409.44,2024,1,6,5,1,0,0,0,0,0,1,0,0,0,0
382.07,0,382.07,2024,3,19,1,0,0,0,1,0,0,0,1,0,0,0
177.67,10,159.9,2024,7,1,0,0,0,1,0,0,0,0,1,0,0,0
385.62,25,289.22,2024,4,3,2,0,0,1,0,0,0,0,0,0,1,0
94.33,10,84.9,2024,3,23,5,1,0,1,0,0,0,0,0,0,1,0
403.54,15,343.01,2024,2,25,6,1,0,0,0,0,0,0,0,1,0,0
301.37,0,301.37,2024,8,6,1,0,0,0,0,1,0,0,1,0,0,0
102.67,50,51.34,2024,3,1,4,0,0,0,1,0,0,0,0,0,1,0
457.4,50,228.7,2024,7,9,1,0,0,0,0,1,0,0,0,0,0,1
203.25,30,142.27,2024,1,29,0,0,0,0,0,0,0,0,0,0,0,0
221.76,0,221.76,2024,2,19,0,0,0,0,0,0,0,1,0,0,0,0
105.25,30,73.67,2024,4,24,2,0,0,0,0,1,0,0,0,1,0,0
125.71,5,119.42,2024,8,7,2,0,0,0,0,1,0,0,0,0,1,0
493.99,50,247.0,2024,5,12,6,1,0,1,0,0,0,0,0,0,0,0
158.67,0,158.67,2024,1,26,4,0,0,0,0,0,1,0,0,0,0,0
139.01,15,118.16,2024,10,5,5,1,1,0,0,0,0,0,0,0,0,1
186.37,20,149.1,2024,3,24,6,1,0,0,1,0,0,0,0,0,0,0
398.89,50,199.44,2024,1,21,6,1,0,0,1,0,0,0,0,0,0,0
15.38,50,7.69,2024,3,21,3,0,0,1,0,0,0,0,0,1,0,0
353.97,0,353.97,2024,1,21,6,1,1,0,0,0,0,0,0,1,0,0
190.88,10,171.79,2024,1,14,6,1,0,0,0,1,0,0,0,0,0,1
470.18,50,235.09,2024,6,24,0,0,0,0,0,0,0,0,0,1,0,0
184.21,5,175.0,2024,8,29,3,0,1,0,0,0,0,0,1,0,0,0
31.22,50,15.61,2024,2,7,2,0,0,0,0,0,1,0,0,0,0,1
376.89,30,263.82,2024,3,11,0,0,1,0,0,0,0,0,0,0,0,0
213.59,0,213.59,2024,1,15,0,0,0,0,0,1,0,0,1,0,0,0
147.85,25,110.89,2024,7,19,4,0,0,0,1,0,0,0,1,0,0,0
281.71,0,281.71,2024,5,19,6,1,0,0,0,0,0,0,0,0,1,0
57.65,30,40.35,2024,6,1,5,1,0,0,0,0,1,0,0,0,0,0
458.91,5,435.96,2024,2,1,3,0,1,0,0,0,0,0,0,1,0,0
173.36,15,147.36,2024,2,22,3,0,0,0,1,0,0,0,0,0,0,1
250.91,30,175.64,2024,8,3,5,1,0,0,0,0,1,0,0,0,1,0
410.07,20,328.06,2024,1,30,1,0,0,1,0,0,0,0,0,0,0,0
318.02,50,159.01,2024,1,5,4,0,1,0,0,0,0,0,1,0,0,0
291.23,5,276.67,2024,11,15,4,0,0,0,1,0,0,0,0,1,0,0
254.27,5,241.56,2024,8,19,0,0,0,0,0,0,1,0,0,1,0,0
235.02,15,199.77,2024,8,19,0,0,0,0,0,1,0,0,1,0,0,0
266.65,15,226.65,2024,2,28,2,0,1,0,0,0,0,0,1,0,0,0
228.28,5,216.87,2024,9,7,5,1,1,0,0,0,0,0,0,1,0,0
286.86,25,215.15,2024,6,28,4,0,0,0,1,0,0,0,0,0,1,0
235.82,50,117.91,2024,11,8,4,0,0,0,1,0,0,0,0,0,0,0
418.07,15,355.36,2024,9,24,1,0,1,0,0,0,0,0,0,1,0,0
137.79,0,137.79,2024,5,23,3,0,0,0,0,0,0,1,0,0,0,0
397.37,10,357.63,2024,2,3,5,1,0,0,0,0,0,1,1,0,0,0
306.61,50,153.31,2024,10,10,3,0,0,0,0,0,1,0,0,1,0,0
476.73,20,381.38,2024,4,14,6,1,0,0,0,0,1,0,1,0,0,0
233.8,10,210.42,2024,1,3,2,0,0,0,0,0,0,1,0,0,1,0
372.91,25,279.68,2024,6,26,2,0,0,0,0,0,0,0,0,0,0,0
203.99,20,163.19,2024,2,25,6,1,0,0,1,0,0,0,0,0,1,0
135.87,25,101.9,2024,5,13,0,0,0,0,0,0,0,1,0,1,0,0
210.69,10,189.62,2024,10,20,6,1,0,0,0,0,0,0,1,0,0,0
55.36,20,44.29,2024,10,5,5,1,0,0,0,1,0,0,0,0,0,1
392.88,25,294.66,2024,10,30,2,0,1,0,0,0,0,0,0,0,1,0
297.6,50,148.8,2024,1,4,3,0,0,1,0,0,0,0,0,1,0,0
149.91,25,112.43,2024,10,21,0,0,0,0,0,0,0,1,1,0,0,0
484.14,25,363.11,2024,11,21,3,0,0,0,0,0,1,0,0,0,1,0
453.99,5,431.29,2024,2,3,5,1,0,0,0,1,0,0,0,1,0,0
324.68,25,243.51,2024,2,3,5,1,0,0,0,0,1,0,0,1,0,0
37.39,50,18.7,2024,7,1,0,0,0,0,1,0,0,0,0,0,0,1
410.07,50,205.03,2024,5,18,5,1,0,0,0,1,0,0,0,0,0,0
323.65,30,226.55,2024,7,11,3,0,0,1,0,0,0,0,0,1,0,0
165.56,30,115.89,2024,7,24,2,0,0,0,1,0,0,0,0,1,0,0
221.03,0,221.03,2024,8,27,1,0,0,0,1,0,0,0,0,0,0,1
51.27,30,35.89,2024,8,31,5,1,0,0,0,1,0,0,0,0,0,1
51.31,50,25.66,2024,8,11,6,1,0,0,0,0,1,0,0,0,1,0
235.35,15,200.05,2024,10,12,5,1,0,0,0,1,0,0,0,0,0,1
462.66,20,370.13,2024,6,16,6,1,1,0,0,0,0,0,0,0,0,0
67.02,5,63.67,2024,1,24,2,0,0,1,0,0,0,0,0,0,0,1
457.96,5,435.06,2024,10,4,4,0,0,1,0,0,0,0,0,0,0,0
215.06,0,215.06,2024,10,9,2,0,0,1,0,0,0,0,0,0,1,0
49.79,15,42.32,2024,1,21,6,1,0,0,1,0,0,0,0,0,1,0
71.25,0,71.25,2024,3,14,3,0,0,0,0,0,0,1,0,0,0,1
47.04,5,44.69,2024,10,16,2,0,0,0,0,0,1,0,0,1,0,0
250.1,25,187.57,2024,7,15,0,0,0,0,1,0,0,0,1,0,0,0
333.61,10,300.25,2024,3,25,0,0,0,0,0,1,0,0,0,1,0,0
41.85,20,33.48,2024,9,27,4,0,0,0,0,1,0,0,0,0,0,0
94.11,25,70.58,2024,8,24,5,1,0,0,0,1,0,0,0,0,1,0
486.05,50,243.03,2024,9,14,5,1,1,0,0,0,0,0,1,0,0,0
293.03,5,278.38,2024,4,18,3,0,0,0,0,0,0,0,0,0,0,1
274.85,5,261.11,2024,6,6,3,0,0,0,0,0,0,1,0,1,0,0
187.3,50,93.65,2024,7,21,6,1,1,0,0,0,0,0,0,0,1,0
297.32,0,297.32,2024,10,31,3,0,0,0,1,0,0,0,0,0,0,1
55.9,20,44.72,2024,11,1,4,0,1,0,0,0,0,0,0,0,0,0
404.85,25,303.64,2024,5,2,3,0,1,0,0,0,0,0,1,0,0,0
39.82,5,37.83,2024,4,10,2,0,0,0,0,0,1,0,0,0,1,0
259.65,0,259.65,2024,6,22,5,1,1,0,0,0,0,0,0,0,0,1
29.8,10,26.82,2024,3,5,1,0,0,1,0,0,0,0,0,1,0,0
352.73,25,264.55,2024,1,29,0,0,0,0,1,0,0,0,1,0,0,0
265.73,10,239.16,2024,8,31,5,1,0,1,0,0,0,0,0,0,0,0
25.94,5,24.64,2024,6,19,2,0,0,0,0,0,0,1,0,0,0,1
315.53,0,315.53,2024,10,7,0,0,0,0,0,1,0,0,0,0,0,1
96.8,50,48.4,2024,6,6,3,0,0,0,0,0,0,0,0,0,1,0
229.13,50,114.56,2024,5,17,4,0,0,0,0,1,0,0,0,0,0,1
119.97,50,59.98,2024,7,12,4,0,0,0,0,0,1,0,0,1,0,0
250.45,10,225.41,2024,10,20,6,1,0,1,0,0,0,0,0,0,1,0
168.44,0,168.44,2024,10,26,5,1,0,0,0,0,0,1,0,1,0,0
103.8,0,103.8,2024,7,29,0,0,0,0,0,0,0,1,0,1,0,0
52.94,15,45.0,2024,10,11,4,0,0,0,0,0,0,1,0,0,1,0
368.07,5,349.67,2024,1,27,5,1,1,0,0,0,0,0,1,0,0,0
135.49,25,101.62,2024,8,13,1,0,0,0,0,0,0,0,0,0,0,1
404.46,25,303.34,2024,9,17,1,0,0,1,0,0,0,0,0,0,0,1
477.36,25,358.02,2024,11,20,2,0,0,0,1,0,0,0,0,0,1,0
187.4,0,187.4,2024,5,22,2,0,0,0,0,0,1,0,1,0,0,0
415.48,15,353.16,2024,7,30,1,0,1,0,0,0,0,0,0,0,0,0
138.62,10,124.76,2024,8,25,6,1,0,0,0,1,0,0,0,0,1,0
10.33,0,10.33,2024,4,12,4,0,0,0,0,0,1,0,0,0,0,0
423.28,0,423.28,2024,2,25,6,1,0,0,1,0,0,0,0,0,0,1
372.63,0,372.63,2024,7,27,5,1,0,0,0,0,0,0,0,0,0,0
441.72,0,441.72,2024,3,28,3,0,0,1,0,0,0,0,0,0,0,1
399.38,50,199.69,2024,10,24,3,0,1,0,0,0,0,0,1,0,0,0
428.53,15,364.25,2024,4,2,1,0,0,1,0,0,0,0,0,0,1,0
308.6,10,277.74,2024,3,24,6,1,0,1,0,0,0,0,0,0,0,0
452.0,15,384.2,2024,5,23,3,0,0,0,0,0,0,1,0,0,0,0
233.42,0,233.42,2024,7,11,3,0,0,0,0,1,0,0,1,0,0,0
24.55,10,22.1,2024,2,6,1,0,0,1,0,0,0,0,0,0,0,1
196.1,15,166.69,2024,7,3,2,0,0,0,1,0,0,0,1,0,0,0
227.48,0,227.48,2024,4,8,0,0,0,0,0,0,0,1,0,1,0,0
318.83,20,255.06,2024,4,12,4,0,0,0,1,0,0,0,0,0,1,0
186.5,50,93.25,2024,3,5,1,0,0,0,0,0,0,1,1,0,0,0
141.28,20,113.02,2024,4,21,6,1,1,0,0,0,0,0,0,0,0,0
121.13,0,121.13,2024,5,22,2,0,0,1,0,0,0,0,0,0,1,0
87.7,0,87.7,2024,7,7,6,1,0,0,0,0,1,0,1,0,0,0
247.3,25,185.48,2024,7,21,6,1,1,0,0,0,0,0,0,0,0,0
10.82,25,8.12,2024,4,14,6,1,0,0,0,1,0,0,0,0,0,0
200.86,10,180.77,2024,1,18,3,0,0,0,1,0,0,0,0,0,1,0
32.66,15,27.76,2024,7,22,0,0,0,1,0,0,0,0,0,0,0,0
498.59,10,448.73,2024,4,10,2,0,1,0,0,0,0,0,0,0,0,1
276.84,30,193.79,2024,4,6,5,1,0,1,0,0,0,0,0,0,0,1
62.2,5,59.09,2024,8,16,4,0,0,0,0,0,0,0,0,0,0,0
75.65,15,64.3,2024,4,30,1,0,0,0,1,0,0,0,1,0,0,0
442.91,0,442.91,2024,10,21,0,0,0,0,0,1,0,0,0,0,1,0
205.35,0,205.35,2024,10,5,5,1,0,0,1,0,0,0,0,0,0,1
370.3,30,259.21,2024,8,21,2,0,0,0,1,0,0,0,0,0,0,0
251.66,15,213.91,2024,9,29,6,1,0,0,0,0,0,1,0,1,0,0
467.8,0,467.8,2024,4,20,5,1,0,0,0,1,0,0,0,1,0,0
428.97,10,386.07,2024,10,30,2,0,0,0,0,0,1,0,0,0,0,1
479.89,15,407.91,2024,6,25,1,0,0,0,0,0,1,0,1,0,0,0
451.74,20,361.39,2024,8,29,3,0,0,0,1,0,0,0,0,1,0,0
189.54,25,142.16,2024,8,3,5,1,0,0,0,0,1,0,0,1,0,0
61.47,20,49.18,2024,10,25,4,0,0,0,0,0,0,0,0,0,0,1
406.13,50,203.06,2024,1,21,6,1,0,0,0,1,0,0,0,0,0,1
233.79,20,187.03,2024,9,30,0,0,0,0,0,0,0,0,0,1,0,0
117.37,0,117.37,2024,3,8,4,0,1,0,0,0,0,0,0,0,1,0
146.37,25,109.78,2024,2,1,3,0,0,1,0,0,0,0,0,0,0,0
262.71,10,236.44,2024,5,20,0,0,0,1,0,0,0,0,0,0,1,0
374.98,30,262.49,2024,1,29,0,0,0,0,1,0,0,0,1,0,0,0
206.92,25,155.19,2024,8,14,2,0,0,0,0,0,0,1,0,1,0,0
126.06,0,126.06,2024,10,11,4,0,0,0,0,0,0,0,0,0,0,1
216.8,30,151.76,2024,8,4,6,1,0,0,0,0,0,1,0,0,0,0
48.15,10,43.34,2024,4,18,3,0,1,0,0,0,0,0,0,0,1,0
339.34,0,339.34,2024,3,28,3,0,0,0,0,0,0,0,0,0,0,1
130.51,30,91.36,2024,6,23,6,1,0,0,0,0,1,0,0,0,0,0
58.82,5,55.88,2024,3,3,6,1,1,0,0,0,0,0,0,0,1,0
440.49,5,418.47,2024,6,18,1,0,0,0,0,0,0,1,0,0,0,0
216.4,0,216.4,2024,5,7,1,0,0,1,0,0,0,0,0,0,0,1
44.95,5,42.7,2024,8,14,2,0,0,1,0,0,0,0,0,0,0,1
284.9,0,284.9,2024,7,28,6,1,0,0,1,0,0,0,0,0,0,1
407.75,25,305.81,2024,3,30,5,1,0,0,0,0,0,0,0,0,1,0
28.94,10,26.05,2024,7,21,6,1,0,0,0,1,0,0,0,1,0,0
279.34,5,265.37,2024,9,5,3,0,0,0,0,0,0,0,0,0,0,1
403.49,10,363.14,2024,1,2,1,0,0,0,0,0,1,0,1,0,0,0
266.16,5,252.85,2024,8,13,1,0,0,0,1,0,0,0,0,0,0,0
59.11,25,44.33,2024,5,26,6,1,0,0,0,0,0,1,0,0,0,1
492.24,30,344.57,2024,9,4,2,0,0,1,0,0,0,0,1,0,0,0
181.73,15,154.47,2024,6,4,1,0,0,0,0,0,0,1,0,0,1,0
362.98,0,362.98,2024,7,16,1,0,0,0,1,0,0,0,0,0,0,1
164.7,10,148.23,2024,3,10,6,1,0,0,0,1,0,0,1,0,0,0
469.41,5,445.94,2024,10,19,5,1,0,0,0,0,0,1,0,0,0,0
357.41,25,268.06,2024,3,8,4,0,0,0,0,1,0,0,1,0,0,0
446.21,30,312.35,2024,5,30,3,0,0,0,0,1,0,0,0,0,0,1
170.8,20,136.64,2024,8,23,4,0,0,1,0,0,0,0,0,0,0,0
122.58,20,98.06,2024,4,11,3,0,0,0,0,0,1,0,0,0,0,0
493.51,10,444.16,2024,9,24,1,0,0,0,0,1,0,0,0,0,0,0
278.5,50,139.25,2024,9,1,6,1,0,0,0,1,0,0,0,0,0,1
176.59,50,88.3,2024,7,24,2,0,0,0,0,1,0,0,0,0,1,0
72.08,15,61.27,2024,7,15,0,0,0,0,0,0,0,0,0,0,0,1
497.92,25,373.44,2024,1,7,6,1,0,0,0,0,0,0,0,1,0,0
333.66,5,316.98,2024,8,19,0,0,0,0,0,0,0,0,0,0,1,0
416.11,0,416.11,2024,4,17,2,0,0,0,0,0,0,0,1,0,0,0
494.49,30,346.14,2024,1,29,0,0,0,1,0,0,0,0,0,1,0,0
22.12,50,11.06,2024,3,15,4,0,0,1,0,0,0,0,0,1,0,0
178.5,25,133.88,2024,11,15,4,0,0,0,0,0,0,1,0,0,0,0
219.2,30,153.44,2024,4,27,5,1,1,0,0,0,0,0,0,1,0,0
310.01,10,279.01,2024,7,25,3,0,0,0,1,0,0,0,0,1,0,0
175.18,10,157.66,2024,6,19,2,0,0,0,0,0,0,1,0,1,0,0
464.54,10,418.09,2024,3,28,3,0,0,0,0,0,0,0,0,0,0,0
345.03,25,258.77,2024,5,24,4,0,0,0,0,0,1,0,1,0,0,0
269.89,5,256.4,2024,8,3,5,1,0,0,1,0,0,0,1,0,0,0
443.26,10,398.93,2024,1,16,1,0,0,0,1,0,0,0,1,0,0,0
421.99,0,421.99,2024,9,16,0,0,0,0,1,0,0,0,0,0,1,0
270.41,5,256.89,2024,7,21,6,1,1,0,0,0,0,0,0,0,0,1
245.22,50,122.61,2024,3,17,6,1,0,1,0,0,0,0,0,0,1,0
258.5,20,206.8,2024,4,26,4,0,0,0,0,0,1,0,0,0,1,0
409.67,20,327.74,2024,10,9,2,0,1,0,0,0,0,0,0,0,0,1
135.25,25,101.44,2024,9,22,6,1,1,0,0,0,0,0,1,0,0,0
323.14,25,242.35,2024,2,11,6,1,0,0,0,0,0,1,0,0,0,1
56.46,30,39.52,2024,5,22,2,0,0,0,0,1,0,0,0,1,0,0
338.11,0,338.11,2024,9,29,6,1,0,1,0,0,0,0,0,0,0,0
496.13,15,421.71,2024,6,11,1,0,0,1,0,0,0,0,0,1,0,0
476.97,10,429.27,2024,5,14,1,0,1,0,0,0,0,0,1,0,0,0
195.46,20,156.37,2024,6,20,3,0,0,1,0,0,0,0,0,0,0,1
200.87,0,200.87,2024,6,7,4,0,0,0,0,0,0,1,1,0,0,0
12.7,50,6.35,2024,2,8,3,0,0,0,0,0,1,0,0,0,1,0
46.81,20,37.45,2024,2,29,3,0,1,0,0,0,0,0,0,0,0,0
447.61,10,402.85,2024,6,9,6,1,0,0,0,1,0,0,1,0,0,0
236.71,25,177.53,2024,2,15,3,0,1,0,0,0,0,0,0,0,0,1
30.85,15,26.22,2024,11,15,4,0,0,1,0,0,0,0,0,1,0,0
254.08,15,215.97,2024,10,5,5,1,0,0,0,1,0,0,1,0,0,0
234.28,25,175.71,2024,4,20,5,1,0,1,0,0,0,0,0,0,0,0
286.83,20,229.46,2024,7,18,3,0,0,0,0,0,0,1,0,0,1,0
266.23,30,186.36,2024,4,15,0,0,0,0,0,0,0,0,0,0,0,1
97.64,10,87.88,2024,11,5,1,0,1,0,0,0,0,0,0,0,1,0
113.41,0,113.41,2024,6,2,6,1,0,1,0,0,0,0,0,0,0,1
495.55,5,470.77,2024,3,17,6,1,0,0,0,0,1,0,0,0,0,1
222.65,15,189.25,2024,4,16,1,0,0,0,0,1,0,0,0,1,0,0
393.04,5,373.39,2024,8,24,5,1,0,0,0,0,1,0,1,0,0,0
196.56,30,137.59,2024,6,22,5,1,0,0,0,0,0,0,0,0,0,1
290.25,0,290.25,2024,5,2,3,0,0,0,0,0,1,0,0,0,0,1
379.93,30,265.95,2024,10,26,5,1,0,0,0,0,1,0,0,1,0,0
171.18,25,128.38,2024,11,3,6,1,0,0,1,0,0,0,1,0,0,0
149.3,5,141.84,2024,10,16,2,0,0,0,0,1,0,0,0,0,0,1
222.07,25,166.55,2024,5,25,5,1,0,1,0,0,0,0,0,0,0,0
52.29,0,52.29,2024,9,23,0,0,0,0,0,0,0,0,0,0,0,1
58.85,50,29.43,2024,10,12,5,1,1,0,0,0,0,0,0,1,0,0
273.13,20,218.5,2024,8,25,6,1,0,0,0,1,0,0,0,1,0,0
127.6,30,89.32,2024,5,10,4,0,1,0,0,0,0,0,0,0,0,0
82.43,20,65.94,2024,10,26,5,1,0,1,0,0,0,0,0,0,0,0
269.76,20,215.81,2024,5,23,3,0,1,0,0,0,0,0,1,0,0,0
337.7,10,303.93,2024,3,30,5,1,0,0,0,0,1,0,0,0,0,1
353.08,0,353.08,2024,1,5,4,0,0,0,0,1,0,0,0,1,0,0
436.99,20,349.59,2024,4,18,3,0,0,0,0,0,1,0,0,1,0,0
384.23,15,326.6,2024,11,21,3,0,1,0,0,0,0,0,0,1,0,0
243.88,20,195.1,2024,1,6,5,1,0,1,0,0,0,0,1,0,0,0
261.8,50,130.9,2024,5,13,0,0,0,0,0,1,0,0,0,0,1,0
471.02,20,376.82,2024,2,11,6,1,1,0,0,0,0,0,0,0,1,0
437.56,25,328.17,2024,8,28,2,0,0,0,1,0,0,0,0,1,0,0
433.53,10,390.18,2024,10,1,1,0,0,0,0,0,0,1,0,0,0,0
414.73,20,331.78,2024,9,2,0,0,0,0,0,1,0,0,0,0,1,0
121.2,20,96.96,2024,2,3,5,1,0,0,0,1,0,0,1,0,0,0
479.54,0,479.54,2024,1,9,1,0,0,0,0,1,0,0,0,0,0,1
296.45,5,281.63,2024,10,10,3,0,0,0,0,1,0,0,0,1,0,0
286.43,15,243.47,2024,2,9,4,0,0,0,0,0,0,0,0,0,0,0
143.24,5,136.08,2024,9,10,1,0,0,0,0,1,0,0,1,0,0,0
313.68,0,313.68,2024,1,26,4,0,0,0,0,0,0,1,0,1,0,0
224.68,30,157.28,2024,1,28,6,1,0,0,0,1,0,0,0,0,1,0
232.86,20,186.29,2024,8,4,6,1,0,0,0,0,0,1,0,0,0,0
63.37,20,50.7,2024,4,23,1,0,0,0,0,0,0,1,0,0,0,1
103.44,30,72.41,2024,9,21,5,1,0,1,0,0,0,0,0,1,0,0
488.6,25,366.45,2024,4,13,5,1,0,1,0,0,0,0,0,0,0,0
371.23,5,352.67,2024,5,1,2,0,0,0,0,1,0,0,0,1,0,0
386.7,20,309.36,2024,9,7,5,1,0,0,0,0,0,1,0,0,0,1
370.53,0,370.53,2024,7,8,0,0,0,0,1,0,0,0,0,0,0,1
135.13,5,128.37,2024,1,14,6,1,0,0,1,0,0,0,0,0,0,1
448.19,5,425.78,2024,7,19,4,0,0,0,1,0,0,0,1,0,0,0
140.0,5,133.0,2024,3,8,4,0,0,0,0,1,0,0,0,0,0,1
430.03,30,301.02,2024,8,25,6,1,0,0,0,1,0,0,0,0,0,1
478.79,5,454.85,2024,8,27,1,0,0,1,0,0,0,0,1,0,0,0
261.25,30,182.88,2024,10,14,0,0,0,0,0,0,0,1,0,0,1,0
444.77,25,333.58,2024,11,3,6,1,1,0,0,0,0,0,0,0,0,0
102.54,30,71.78,2024,8,4,6,1,0,1,0,0,0,0,0,1,0,0
52.51,25,39.38,2024,8,6,1,0,1,0,0,0,0,0,1,0,0,0
425.83,10,383.25,2024,3,19,1,0,0,1,0,0,0,0,0,0,1,0
455.26,15,386.97,2024,1,18,3,0,0,0,1,0,0,0,0,0,1,0
199.44,15,169.52,2024,6,22,5,1,0,0,1,0,0,0,1,0,0,0
96.61,5,91.78,2024,9,7,5,1,0,0,0,0,0,0,0,0,0,1
265.18,5,251.92,2024,7,30,1,0,0,0,0,1,0,0,0,0,0,1
241.58,30,169.11,2024,4,10,2,0,0,1,0,0,0,0,0,0,0,1
20.79,50,10.39,2024,2,6,1,0,0,1,0,0,0,0,0,0,1,0
52.46,0,52.46,2024,10,10,3,0,0,1,0,0,0,0,0,0,0,1
264.94,15,225.2,2024,6,1,5,1,0,0,0,0,0,1,0,0,0,0
190.85,15,162.22,2024,1,1,0,0,0,0,0,0,1,0,0,0,1,0
307.03,30,214.92,2024,7,25,3,0,0,0,0,0,0,1,0,0,1,0
271.29,0,271.29,2024,7,15,0,0,0,0,0,0,0,0,1,0,0,0
394.16,0,394.16,2024,4,2,1,0,0,1,0,0,0,0,0,0,0,1
152.41,50,76.2,2024,11,8,4,0,1,0,0,0,0,0,0,0,0,1
197.51,20,158.01,2024,11,8,4,0,0,1,0,0,0,0,0,1,0,0
412.15,20,329.72,2024,2,7,2,0,0,0,0,0,1,0,0,1,0,0
389.86,10,350.87,2024,7,11,3,0,0,0,1,0,0,0,0,0,1,0
235.54,30,164.88,2024,2,10,5,1,0,1,0,0,0,0,0,0,1,0
227.56,5,216.18,2024,10,2,2,0,0,0,0,0,0,0,0,0,1,0
484.75,10,436.28,2024,10,2,2,0,0,0,1,0,0,0,0,0,1,0
82.9,20,66.32,2024,11,10,6,1,0,0,0,0,0,0,1,0,0,0
17.03,25,12.77,2024,3,14,3,0,0,0,0,0,1,0,0,1,0,0
290.57,25,217.93,2024,4,21,6,1,0,0,0,0,1,0,0,0,1,0
147.97,5,140.57,2024,9,9,0,0,0,1,0,0,0,0,0,1,0,0
350.82,30,245.57,2024,11,16,5,1,0,0,0,1,0,0,0,1,0,0
315.16,10,283.64,2024,10,17,3,0,0,0,0,0,0,1,1,0,0,0
332.54,30,232.78,2024,1,17,2,0,0,1,0,0,0,0,1,0,0,0
249.14,15,211.77,2024,5,8,2,0,0,0,0,0,0,0,0,1,0,0
438.9,30,307.23,2024,1,2,1,0,0,0,0,0,0,0,0,0,0,0
260.01,15,221.01,2024,10,27,6,1,0,0,0,0,0,0,0,0,0,1
427.72,30,299.4,2024,7,3,2,0,0,0,0,0,0,0,0,0,0,1
243.29,25,182.47,2024,10,17,3,0,0,0,1,0,0,0,0,0,1,0
360.82,5,342.78,2024,6,17,0,0,0,0,1,0,0,0,0,0,0,1
426.84,15,362.81,2024,1,11,3,0,0,0,0,1,0,0,0,0,1,0
25.36,25,19.02,2024,4,9,1,0,0,0,0,0,0,0,0,1,0,0
219.93,25,164.95,2024,9,20,4,0,0,1,0,0,0,0,1,0,0,0
104.5,20,83.6,2024,7,9,1,0,0,0,1,0,0,0,0,0,1,0
28.34,25,21.25,2024,9,19,3,0,0,0,0,1,0,0,0,0,0,1
301.06,5,286.01,2024,9,11,2,0,0,0,0,0,0,0,0,0,1,0
74.9,5,71.16,2024,9,30,0,0,1,0,0,0,0,0,0,0,0,1
350.21,20,280.17,2024,7,19,4,0,1,0,0,0,0,0,0,1,0,0
43.23,30,30.26,2024,7,3,2,0,0,0,0,0,0,1,1,0,0,0
386.36,20,309.09,2024,2,1,3,0,0,0,0,0,0,1,0,0,0,0
172.92,50,86.46,2024,5,3,4,0,0,1,0,0,0,0,0,1,0,0
25.98,15,22.08,2024,9,17,1,0,1,0,0,0,0,0,0,0,1,0
435.14,15,369.87,2024,10,27,6,1,0,1,0,0,0,0,0,1,0,0
134.42,25,100.81,2024,6,4,1,0,1,0,0,0,0,0,0,1,0,0
296.55,5,281.72,2024,7,8,0,0,0,0,0,0,1,0,1,0,0,0
105.52,0,105.52,2024,5,25,5,1,0,0,0,1,0,0,0,0,1,0
338.82,50,169.41,2024,5,19,6,1,0,0,0,0,0,1,0,0,1,0
165.23,15,140.45,2024,2,4,6,1,0,0,1,0,0,0,0,1,0,0
384.9,20,307.92,2024,8,7,2,0,0,0,1,0,0,0,0,0,0,1
423.56,5,402.38,2024,6,8,5,1,0,0,0,1,0,0,0,0,1,0
139.84,0,139.84,2024,2,26,0,0,0,0,0,0,0,0,0,0,0,1
492.78,5,468.14,2024,8,26,0,0,1,0,0,0,0,0,0,1,0,0
220.92,5,209.87,2024,3,28,3,0,0,0,0,1,0,0,0,0,0,1
365.04,30,255.53,2024,2,1,3,0,0,0,0,1,0,0,0,0,0,1
385.34,20,308.27,2024,3,14,3,0,0,0,0,0,1,0,0,0,0,1
458.94,0,458.94,2024,10,28,0,0,1,0,0,0,0,0,0,0,0,1
287.43,50,143.72,2024,5,14,1,0,1,0,0,0,0,0,0,0,1,0
383.01,0,383.01,2024,1,12,4,0,0,0,0,1,0,0,0,1,0,0
62.51,30,43.76,2024,10,6,6,1,0,0,0,0,0,0,0,0,1,0
210.68,30,147.48,2024,4,6,5,1,0,0,0,0,0,0,0,0,0,1
59.48,50,29.74,2024,7,10,2,0,0,0,1,0,0,0,1,0,0,0
415.39,15,353.08,2024,6,12,2,0,0,0,0,0,1,0,0,0,0,0
323.5,5,307.32,2024,5,24,4,0,0,0,0,0,0,1,0,0,0,0
268.81,0,268.81,2024,8,19,0,0,0,0,0,1,0,0,0,0,0,1
247.41,5,235.04,2024,10,17,3,0,0,0,1,0,0,0,1,0,0,0
142.35,5,135.23,2024,4,17,2,0,0,0,0,0,1,0,0,0,1,0
228.46,5,217.04,2024,3,19,1,0,0,0,0,0,0,1,0,1,0,0
390.22,10,351.2,2024,3,19,1,0,0,0,1,0,0,0,1,0,0,0
98.89,15,84.06,2024,4,22,0,0,0,0,1,0,0,0,0,1,0,0
475.72,10,428.15,2024,6,3,0,0,0,0,0,0,1,0,0,0,0,0
312.28,15,265.44,2024,3,1,4,0,0,1,0,0,0,0,0,0,1,0
365.44,20,292.35,2024,4,22,0,0,0,1,0,0,0,0,0,1,0,0
209.3,5,198.84,2024,1,18,3,0,1,0,0,0,0,0,1,0,0,0
484.65,50,242.32,2024,10,2,2,0,0,0,0,0,0,1,1,0,0,0
217.91,10,196.12,2024,3,25,0,0,0,1,0,0,0,0,1,0,0,0
427.63,25,320.72,2024,11,8,4,0,0,0,0,1,0,0,0,1,0,0
390.58,5,371.05,2024,3,23,5,1,1,0,0,0,0,0,0,1,0,0
90.01,30,63.01,2024,7,15,0,0,0,1,0,0,0,0,0,0,0,1
388.41,25,291.31,2024,7,22,0,0,0,0,0,1,0,0,0,0,0,0
496.31,25,372.23,2024,7,18,3,0,1,0,0,0,0,0,0,0,0,0
170.91,10,153.82,2024,2,27,1,0,0,0,0,1,0,0,0,1,0,0
497.95,10,448.15,2024,8,18,6,1,1,0,0,0,0,0,0,1,0,0
208.23,50,104.11,2024,3,22,4,0,0,0,0,0,0,0,0,1,0,0
37.82,5,35.93,2024,7,10,2,0,0,0,1,0,0,0,0,1,0,0
365.18,15,310.4,2024,6,4,1,0,0,0,0,0,0,0,0,0,0,1
323.74,10,291.37,2024,3,19,1,0,0,1,0,0,0,0,0,1,0,0
61.68,10,55.51,2024,2,25,6,1,1,0,0,0,0,0,0,0,0,0
177.76,10,159.98,2024,7,18,3,0,0,0,0,0,0,0,0,0,0,0
132.78,0,132.78,2024,1,21,6,1,0,0,1,0,0,0,0,0,0,0
328.44,0,328.44,2024,8,16,4,0,0,0,1,0,0,0,0,1,0,0
207.86,10,187.07,2024,4,2,1,0,0,0,1,0,0,0,1,0,0,0
494.21,10,444.79,2024,10,14,0,0,0,0,0,0,0,0,0,0,0,1
356.61,20,285.29,2024,5,14,1,0,0,0,0,0,0,0,1,0,0,0
308.57,10,277.71,2024,2,26,0,0,0,0,0,0,0,0,0,1,0,0
457.38,20,365.9,2024,11,17,6,1,0,1,0,0,0,0,0,0,0,0
376.51,15,320.03,2024,2,11,6,1,0,0,0,0,0,0,0,0,0,1
174.27,0,174.27,2024,8,18,6,1,0,0,1,0,0,0,0,1,0,0
89.61,20,71.69,2024,4,11,3,0,0,0,0,0,1,0,1,0,0,0
457.48,30,320.24,2024,8,26,0,0,0,0,0,1,0,0,0,0,0,0
468.83,30,328.18,2024,1,2,1,0,0,0,0,0,1,0,0,1,0,0
52.31,30,36.62,2024,2,25,6,1,0,0,1,0,0,0,0,0,1,0
22.6,0,22.6,2024,11,13,2,0,0,0,0,0,1,0,0,0,0,0
117.78,25,88.34,2024,3,29,4,0,0,0,0,0,0,0,0,1,0,0
107.72,15,91.56,2024,6,9,6,1,1,0,0,0,0,0,0,1,0,0
362.7,50,181.35,2024,10,3,3,0,0,0,0,0,1,0,0,1,0,0
210.86,10,189.77,2024,5,10,4,0,0,0,0,1,0,0,1,0,0,0
341.41,10,307.27,2024,7,15,0,0,1,0,0,0,0,0,0,0,1,0
205.75,50,102.88,2024,1,19,4,0,0,0,0,0,0,0,0,0,0,0
292.11,30,204.48,2024,2,1,3,0,0,0,0,0,1,0,0,0,0,1
323.34,30,226.34,2024,4,4,3,0,0,0,0,0,0,1,0,0,1,0
168.56,0,168.56,2024,7,15,0,0,1,0,0,0,0,0,0,0,1,0
477.51,30,334.26,2024,2,2,4,0,0,0,1,0,0,0,0,0,0,1
455.09,20,364.07,2024,5,9,3,0,0,0,0,0,0,0,0,0,0,0
80.01,15,68.01,2024,1,2,1,0,1,0,0,0,0,0,1,0,0,0
387.62,50,193.81,2024,9,12,3,0,0,0,1,0,0,0,1,0,0,0
243.65,0,243.65,2024,10,26,5,1,0,0,0,0,0,0,0,0,0,0
437.91,5,416.01,2024,4,5,4,0,0,1,0,0,0,0,1,0,0,0
406.83,15,345.81,2024,7,24,2,0,0,0,0,0,1,0,0,0,1,0
259.15,0,259.15,2024,5,10,4,0,0,0,0,1,0,0,1,0,0,0
232.96,50,116.48,2024,10,28,0,0,0,0,0,0,0,1,1,0,0,0
42.38,15,36.02,2024,7,5,4,0,0,0,0,0,0,1,0,0,0,1
328.41,20,262.73,2024,9,30,0,0,0,1,0,0,0,0,0,0,0,0
246.18,30,172.33,2024,9,5,3,0,0,0,0,1,0,0,0,0,1,0
455.96,5,433.16,2024,9,25,2,0,0,0,0,0,0,0,0,0,0,1
331.06,20,264.85,2024,3,29,4,0,0,0,0,0,1,0,0,0,1,0
399.06,5,379.11,2024,3,10,6,1,0,0,0,0,0,1,0,1,0,0
364.43,50,182.22,2024,11,9,5,1,0,0,0,0,0,1,0,0,0,0
275.78,30,193.05,2024,8,17,5,1,0,0,0,0,0,1,0,0,1,0
386.62,15,328.63,2024,11,3,6,1,1,0,0,0,0,0,0,0,1,0
468.72,30,328.1,2024,8,12,0,0,0,0,0,0,1,0,0,0,0,1
78.92,25,59.19,2024,1,21,6,1,0,0,0,1,0,0,1,0,0,0
430.85,20,344.68,2024,4,9,1,0,0,0,0,1,0,0,0,0,0,1
331.73,15,281.97,2024,8,21,2,0,0,0,0,0,0,1,0,1,0,0
183.74,20,146.99,2024,1,16,1,0,0,0,0,0,1,0,0,0,1,0
396.57,20,317.26,2024,8,26,0,0,0,1,0,0,0,0,0,1,0,0
377.73,0,377.73,2024,11,5,1,0,0,0,0,0,0,1,0,0,0,0
211.97,15,180.17,2024,8,29,3,0,1,0,0,0,0,0,0,1,0,0
210.56,20,168.45,2024,10,11,4,0,0,1,0,0,0,0,1,0,0,0
76.11,50,38.05,2024,3,22,4,0,0,0,0,0,0,0,0,1,0,0
152.92,20,122.34,2024,2,4,6,1,1,0,0,0,0,0,0,0,0,0
373.51,5,354.83,2024,3,11,0,0,0,0,0,1,0,0,0,0,1,0
379.29,5,360.33,2024,3,7,3,0,0,1,0,0,0,0,0,0,1,0
185.28,30,129.7,2024,1,26,4,0,0,0,0,0,1,0,1,0,0,0
116.77,5,110.93,2024,8,9,4,0,0,1,0,0,0,0,1,0,0,0
392.84,25,294.63,2024,6,12,2,0,0,1,0,0,0,0,0,0,1,0
310.58,20,248.46,2024,3,11,0,0,0,0,0,0,0,0,0,0,1,0
166.25,0,166.25,2024,2,1,3,0,0,1,0,0,0,0,0,0,0,1
158.02,5,150.12,2024,1,3,2,0,0,1,0,0,0,0,0,0,0,0
396.49,0,396.49,2024,4,7,6,1,0,0,0,0,1,0,1,0,0,0
182.87,0,182.87,2024,5,26,6,1,0,0,1,0,0,0,0,0,0,0
449.47,30,314.63,2024,3,24,6,1,0,1,0,0,0,0,0,1,0,0
336.95,30,235.86,2024,11,1,4,0,0,0,0,1,0,0,0,1,0,0
377.0,0,377.0,2024,2,24,5,1,0,0,0,0,1,0,0,0,0,1
310.93,15,264.29,2024,3,19,1,0,0,1,0,0,0,0,0,0,1,0
31.08,50,15.54,2024,10,11,4,0,1,0,0,0,0,0,1,0,0,0
399.88,5,379.89,2024,9,2,0,0,0,0,0,0,1,0,1,0,0,0
60.84,10,54.76,2024,4,6,5,1,0,0,0,0,0,0,1,0,0,0
242.35,50,121.17,2024,10,5,5,1,0,0,0,0,0,1,0,0,1,0
42.85,0,42.85,2024,1,6,5,1,0,0,0,0,0,0,1,0,0,0
281.84,25,211.38,2024,10,15,1,0,1,0,0,0,0,0,1,0,0,0
340.11,25,255.08,2024,6,3,0,0,0,0,1,0,0,0,0,0,0,1
447.4,20,357.92,2024,9,19,3,0,1,0,0,0,0,0,1,0,0,0
396.78,50,198.39,2024,9,15,6,1,0,0,0,1,0,0,0,1,0,0
226.61,0,226.61,2024,6,28,4,0,0,0,0,1,0,0,0,0,1,0
87.03,5,82.68,2024,7,17,2,0,0,0,1,0,0,0,0,0,1,0
11.16,5,10.6,2024,8,16,4,0,0,0,1,0,0,0,0,0,0,1
52.31,50,26.16,2024,6,20,3,0,0,0,0,0,1,0,0,1,0,0
106.47,30,74.53,2024,1,14,6,1,0,0,0,0,1,0,0,0,0,1
67.95,50,33.98,2024,6,22,5,1,0,0,0,1,0,0,0,1,0,0
83.78,15,71.21,2024,3,28,3,0,0,0,0,0,1,0,1,0,0,0
14.58,10,13.12,2024,10,17,3,0,0,0,1,0,0,0,0,1,0,0
176.41,20,141.13,2024,9,10,1,0,0,0,0,0,1,0,0,1,0,0
299.87,5,284.88,2024,1,28,6,1,0,1,0,0,0,0,1,0,0,0
244.89,0,244.89,2024,2,27,1,0,0,0,1,0,0,0,0,0,0,1
366.52,20,293.22,2024,6,5,2,0,0,1,0,0,0,0,0,0,0,1
195.26,5,185.5,2024,11,16,5,1,0,0,1,0,0,0,1,0,0,0
320.98,5,304.93,2024,10,28,0,0,0,0,0,0,0,0,0,0,0,1
380.07,10,342.06,2024,4,19,4,0,0,0,0,0,0,1,0,0,0,1
438.61,30,307.03,2024,2,19,0,0,0,0,1,0,0,0,0,0,0,1
210.35,30,147.24,2024,1,21,6,1,0,0,1,0,0,0,0,0,1,0
184.6,20,147.68,2024,8,6,1,0,0,1,0,0,0,0,0,1,0,0
174.34,25,130.75,2024,3,6,2,0,0,0,0,0,0,1,0,0,0,0
255.72,5,242.93,2024,3,1,4,0,0,0,0,1,0,0,0,1,0,0
25.16,50,12.58,2024,4,19,4,0,0,0,0,0,0,0,0,0,0,0
11.59,30,8.11,2024,6,6,3,0,0,1,0,0,0,0,0,0,1,0
446.06,15,379.15,2024,4,30,1,0,0,0,0,0,0,0,0,0,1,0
413.4,30,289.38,2024,6,20,3,0,0,0,1,0,0,0,0,1,0,0
468.35,15,398.1,2024,2,22,3,0,0,0,0,0,1,0,0,0,0,1
379.45,0,379.45,2024,10,21,0,0,0,0,0,0,0,1,0,0,0,1
59.58,50,29.79,2024,8,31,5,1,0,0,0,0,1,0,0,1,0,0
16.47,5,15.65,2024,1,27,5,1,1,0,0,0,0,0,0,1,0,0
166.1,5,157.79,2024,3,10,6,1,0,0,0,0,0,0,0,0,0,1
108.79,10,97.91,2024,1,14,6,1,0,0,0,0,0,1,0,1,0,0
92.56,10,83.3,2024,5,8,2,0,0,0,0,0,0,0,0,1,0,0
94.31,15,80.16,2024,3,5,1,0,0,0,0,0,0,1,0,0,0,1
32.71,50,16.36,2024,3,10,6,1,0,0,0,1,0,0,0,0,0,1
324.65,25,243.49,2024,3,28,3,0,1,0,0,0,0,0,0,0,0,0
413.11,25,309.83,2024,10,5,5,1,0,0,0,0,0,0,0,0,0,0
449.76,15,382.3,2024,7,3,2,0,0,0,0,0,0,0,0,0,1,0
340.1,10,306.09,2024,2,9,4,0,0,0,0,0,0,1,0,0,0,0
437.3,0,437.3,2024,8,18,6,1,0,0,0,0,0,1,0,1,0,0
21.26,15,18.07,2024,11,14,3,0,0,1,0,0,0,0,0,0,1,0
123.34,30,86.34,2024,9,15,6,1,0,0,0,1,0,0,0,1,0,0
181.26,50,90.63,2024,9,5,3,0,0,0,1,0,0,0,0,0,0,0
16.56,25,12.42,2024,4,5,4,0,0,0,0,1,0,0,1,0,0,0
381.94,15,324.65,2024,1,22,0,0,0,0,0,0,0,0,1,0,0,0
193.51,20,154.81,2024,3,16,5,1,0,0,0,0,1,0,1,0,0,0
247.08,20,197.66,2024,3,4,0,0,1,0,0,0,0,0,0,1,0,0
64.68,15,54.98,2024,2,12,0,0,0,0,0,1,0,0,0,0,0,1
202.49,25,151.87,2024,8,6,1,0,0,0,0,1,0,0,0,0,1,0
323.03,10,290.73,2024,11,18,0,0,1,0,0,0,0,0,0,0,0,1
437.1,20,349.68,2024,11,14,3,0,0,0,0,0,0,0,0,0,1,0
474.3,10,426.87,2024,7,12,4,0,0,1,0,0,0,0,0,0,1,0
47.44,10,42.7,2024,2,29,3,0,0,0,0,1,0,0,0,0,1,0
126.15,50,63.08,2024,8,8,3,0,0,0,0,0,0,0,0,0,0,0
496.03,15,421.63,2024,8,31,5,1,0,0,0,1,0,0,0,0,1,0
339.83,25,254.87,2024,11,3,6,1,0,0,0,0,0,0,0,0,0,1
69.19,15,58.81,2024,7,15,0,0,0,0,1,0,0,0,0,1,0,0
228.68,5,217.25,2024,1,22,0,0,1,0,0,0,0,0,0,0,1,0
498.59,30,349.01,2024,10,20,6,1,0,0,0,1,0,0,0,0,0,0
452.41,30,316.69,2024,10,10,3,0,1,0,0,0,0,0,1,0,0,0
493.43,20,394.74,2024,9,2,0,0,1,0,0,0,0,0,0,0,0,0
90.06,10,81.05,2024,6,19,2,0,0,0,0,1,0,0,0,0,1,0
84.47,5,80.25,2024,7,26,4,0,1,0,0,0,0,0,0,0,0,0
473.74,15,402.68,2024,4,5,4,0,0,1,0,0,0,0,1,0,0,0
328.65,0,328.65,2024,2,10,5,1,0,1,0,0,0,0,0,0,0,1
416.42,50,208.21,2024,4,26,4,0,0,1,0,0,0,0,0,1,0,0
359.09,15,305.23,2024,7,21,6,1,0,0,0,0,0,0,0,0,1,0
388.74,15,330.43,2024,2,21,2,0,0,0,0,0,0,1,0,0,1,0
147.84,20,118.27,2024,11,18,0,0,0,0,0,1,0,0,1,0,0,0
255.19,0,255.19,2024,7,15,0,0,0,0,0,0,1,0,0,1,0,0
64.99,15,55.24,2024,4,5,4,0,1,0,0,0,0,0,0,1,0,0
49.6,20,39.68,2024,1,9,1,0,0,0,0,1,0,0,0,0,0,0
118.69,0,118.69,2024,5,17,4,0,0,0,0,1,0,0,0,0,0,1
406.69,0,406.69,2024,2,8,3,0,1,0,0,0,0,0,1,0,0,0
438.95,20,351.16,2024,5,25,5,1,0,0,0,0,0,0,0,0,0,1
342.35,10,308.12,2024,5,10,4,0,0,0,0,0,1,0,0,0,0,1
292.38,30,204.67,2024,7,7,6,1,0,0,0,1,0,0,1,0,0,0
183.4,5,174.23,2024,2,20,1,0,0,0,0,0,1,0,0,0,0,0
80.88,10,72.79,2024,10,1,1,0,0,0,1,0,0,0,1,0,0,0
76.16,25,57.12,2024,3,20,2,0,0,1,0,0,0,0,0,0,0,0
357.6,20,286.08,2024,11,19,1,0,1,0,0,0,0,0,1,0,0,0
169.83,50,84.92,2024,3,11,0,0,0,0,0,0,0,0,1,0,0,0
337.11,50,168.56,2024,3,7,3,0,0,1,0,0,0,0,0,1,0,0
50.79,25,38.09,2024,2,21,2,0,0,1,0,0,0,0,0,0,0,0
426.03,15,362.13,2024,10,1,1,0,0,0,0,1,0,0,0,0,1,0
128.82,15,109.5,2024,10,7,0,0,0,0,1,0,0,0,0,0,1,0
42.72,25,32.04,2024,2,13,1,0,0,0,0,0,0,1,0,0,0,0
280.75,0,280.75,2024,1,2,1,0,0,0,1,0,0,0,0,0,0,1
486.2,30,340.34,2024,5,3,4,0,0,1,0,0,0,0,0,0,1,0
54.39,25,40.79,2024,5,5,6,1,0,0,1,0,0,0,1,0,0,0
147.43,15,125.32,2024,3,26,1,0,1,0,0,0,0,0,0,0,1,0
452.02,10,406.82,2024,6,11,1,0,0,0,1,0,0,0,1,0,0,0
219.2,30,153.44,2024,6,4,1,0,0,0,0,0,0,1,0,0,1,0
34.79,20,27.83,2024,3,4,0,0,0,0,0,0,0,0,0,1,0,0
326.32,15,277.37,2024,1,31,2,0,0,0,1,0,0,0,0,0,1,0
83.5,20,66.8,2024,1,3,2,0,0,0,0,0,1,0,1,0,0,0
46.78,15,39.76,2024,11,5,1,0,0,0,0,0,0,1,0,0,0,0
468.53,25,351.4,2024,11,8,4,0,0,1,0,0,0,0,0,1,0,0
11.6,0,11.6,2024,3,26,1,0,0,0,1,0,0,0,0,0,1,0
133.72,25,100.29,2024,5,9,3,0,0,0,0,0,0,1,0,1,0,0
275.25,20,220.2,2024,7,8,0,0,1,0,0,0,0,0,0,0,0,0
45.01,10,40.51,2024,8,14,2,0,0,0,0,0,0,0,0,0,0,0
171.02,5,162.47,2024,4,11,3,0,0,0,0,1,0,0,1,0,0,0
264.77,10,238.29,2024,3,5,1,0,1,0,0,0,0,0,1,0,0,0
162.98,5,154.83,2024,2,21,2,0,0,1,0,0,0,0,0,0,1,0
290.44,5,275.92,2024,5,30,3,0,0,0,1,0,0,0,0,0,0,1
203.83,10,183.45,2024,10,26,5,1,0,0,0,0,0,1,0,0,1,0
53.34,15,45.34,2024,3,29,4,0,0,0,1,0,0,0,0,0,0,0
49.46,0,49.46,2024,5,29,2,0,0,0,0,0,1,0,0,0,0,0
95.18,25,71.39,2024,6,3,0,0,0,0,0,0,0,0,0,1,0,0
112.53,30,78.77,2024,8,9,4,0,0,0,0,1,0,0,0,0,1,0
264.46,20,211.57,2024,3,19,1,0,0,0,0,0,1,0,0,1,0,0
100.59,20,80.47,2024,10,6,6,1,0,0,0,0,0,1,0,0,0,1
183.51,15,155.98,2024,7,18,3,0,1,0,0,0,0,0,0,0,0,1
473.92,15,402.83,2024,4,25,3,0,1,0,0,0,0,0,0,0,0,0
317.02,0,317.02,2024,2,22,3,0,0,0,0,0,0,0,1,0,0,0
24.5,15,20.82,2024,1,18,3,0,0,0,0,1,0,0,0,0,0,1
228.39,20,182.71,2024,4,26,4,0,0,0,0,1,0,0,1,0,0,0
258.26,20,206.61,2024,9,29,6,1,0,0,0,0,1,0,0,1,0,0
116.68,50,58.34,2024,5,20,0,0,0,0,0,1,0,0,0,0,0,1
221.56,50,110.78,2024,9,3,1,0,0,0,0,0,1,0,1,0,0,0
387.94,5,368.54,2024,4,25,3,0,0,0,0,0,0,1,0,0,0,0
375.03,25,281.27,2024,3,21,3,0,0,1,0,0,0,0,0,1,0,0
339.89,10,305.9,2024,10,22,1,0,0,0,0,0,0,1,0,0,0,1
260.45,25,195.34,2024,8,4,6,1,0,0,1,0,0,0,0,0,0,1
419.52,25,314.64,2024,4,7,6,1,0,1,0,0,0,0,0,0,0,0
61.67,15,52.42,2024,2,4,6,1,0,0,0,0,1,0,0,0,1,0
408.9,30,286.23,2024,2,25,6,1,0,1,0,0,0,0,0,1,0,0
42.01,5,39.91,2024,6,17,0,0,0,0,0,0,1,0,1,0,0,0
149.93,30,104.95,2024,3,1,4,0,0,0,0,1,0,0,1,0,0,0
351.98,50,175.99,2024,1,14,6,1,0,0,1,0,0,0,0,1,0,0
177.4,25,133.05,2024,1,29,0,0,1,0,0,0,0,0,0,1,0,0
407.94,0,407.94,2024,4,30,1,0,0,1,0,0,0,0,1,0,0,0
228.99,5,217.54,2024,3,10,6,1,0,0,1,0,0,0,0,0,1,0
133.82,15,113.75,2024,11,9,5,1,0,0,0,1,0,0,0,0,1,0
383.46,15,325.94,2024,10,28,0,0,1,0,0,0,0,0,0,0,1,0
326.03,10,293.43,2024,7,6,5,1,0,0,0,0,0,1,0,0,0,0
258.67,25,194.0,2024,4,4,3,0,0,0,0,1,0,0,0,1,0,0
450.07,15,382.56,2024,9,16,0,0,0,1,0,0,0,0,0,0,0,0
480.15,10,432.13,2024,4,21,6,1,0,0,0,0,0,1,0,0,0,1
375.81,30,263.07,2024,8,6,1,0,0,0,1,0,0,0,0,1,0,0
31.08,15,26.42,2024,7,23,1,0,0,0,0,1,0,0,0,0,0,1
221.02,15,187.87,2024,8,20,1,0,0,1,0,0,0,0,0,1,0,0
288.22,0,288.22,2024,11,6,2,0,0,0,1,0,0,0,0,1,0,0
349.42,30,244.59,2024,10,3,3,0,0,1,0,0,0,0,1,0,0,0
420.6,25,315.45,2024,11,5,1,0,0,0,0,1,0,0,1,0,0,0
164.51,10,148.06,2024,8,8,3,0,0,0,0,1,0,0,0,1,0,0
286.5,10,257.85,2024,4,3,2,0,0,0,0,1,0,0,0,1,0,0
249.64,10,224.68,2024,10,16,2,0,0,0,1,0,0,0,0,0,0,1
268.41,20,214.73,2024,7,28,6,1,0,0,0,1,0,0,0,0,0,0
491.98,5,467.38,2024,1,16,1,0,0,0,0,0,0,0,0,0,0,0
112.67,50,56.34,2024,11,19,1,0,0,0,1,0,0,0,0,1,0,0
439.73,10,395.76,2024,1,26,4,0,0,0,1,0,0,0,0,1,0,0
13.73,5,13.04,2024,10,19,5,1,0,0,0,0,0,1,0,1,0,0
221.29,20,177.03,2024,7,23,1,0,0,0,0,0,0,1,0,0,1,0
226.85,30,158.79,2024,2,5,0,0,0,0,0,1,0,0,0,0,0,1
146.09,0,146.09,2024,10,22,1,0,0,0,1,0,0,0,1,0,0,0
361.42,25,271.06,2024,9,29,6,1,0,0,0,1,0,0,0,0,0,0
52.0,15,44.2,2024,1,22,0,0,0,0,0,1,0,0,0,0,1,0
196.87,50,98.44,2024,4,18,3,0,0,0,0,0,1,0,0,0,0,0
479.26,10,431.33,2024,4,10,2,0,0,0,0,0,1,0,0,0,0,0
45.08,15,38.32,2024,9,26,3,0,0,0,0,0,0,1,0,0,1,0
343.0,0,343.0,2024,7,12,4,0,0,0,0,0,0,1,0,0,1,0
114.7,10,103.23,2024,2,28,2,0,0,0,0,0,0,1,0,0,1,0
455.69,25,341.77,2024,7,20,5,1,1,0,0,0,0,0,0,1,0,0
177.05,30,123.94,2024,8,25,6,1,0,0,0,1,0,0,0,0,0,1
41.08,30,28.76,2024,9,16,0,0,0,0,0,1,0,0,0,1,0,0
22.37,5,21.25,2024,5,20,0,0,0,0,0,0,0,0,0,0,0,0
328.06,0,328.06,2024,3,13,2,0,0,0,0,0,0,1,1,0,0,0
105.58,30,73.91,2024,4,25,3,0,0,0,0,1,0,0,1,0,0,0
261.76,10,235.58,2024,5,2,3,0,0,0,0,0,0,1,0,0,0,0
198.5,30,138.95,2024,1,12,4,0,0,1,0,0,0,0,0,0,0,1
402.1,50,201.05,2024,10,11,4,0,1,0,0,0,0,0,0,0,1,0
178.61,0,178.61,2024,10,3,3,0,0,0,0,0,1,0,0,1,0,0
286.85,5,272.51,2024,9,24,1,0,0,0,0,1,0,0,0,0,0,0
479.79,50,239.9,2024,5,18,5,1,0,1,0,0,0,0,0,0,0,0
213.66,20,170.93,2024,4,8,0,0,0,1,0,0,0,0,0,0,1,0
51.2,10,46.08,2024,2,23,4,0,0,0,0,0,0,0,0,0,0,1
276.2,5,262.39,2024,4,11,3,0,0,0,0,0,0,1,0,0,1,0
15.48,20,12.38,2024,7,18,3,0,0,0,0,1,0,0,0,0,0,1
278.71,50,139.35,2024,1,20,5,1,1,0,0,0,0,0,0,0,1,0
289.79,10,260.81,2024,7,30,1,0,0,0,0,0,1,0,0,1,0,0
236.31,20,189.05,2024,3,31,6,1,0,0,0,0,0,0,0,0,1,0
95.58,25,71.69,2024,6,1,5,1,0,0,0,0,1,0,1,0,0,0
420.68,30,294.48,2024,6,20,3,0,0,0,0,0,0,1,0,0,0,1
442.05,10,397.85,2024,10,24,3,0,1,0,0,0,0,0,0,0,1,0
402.29,20,321.83,2024,3,21,3,0,0,0,1,0,0,0,0,0,1,0
393.54,15,334.51,2024,6,14,4,0,0,0,0,0,1,0,0,0,0,0
86.0,30,60.2,2024,8,10,5,1,0,0,1,0,0,0,0,0,1,0
417.54,0,417.54,2024,10,11,4,0,0,0,1,0,0,0,1,0,0,0
273.42,0,273.42,2024,5,21,1,0,0,0,0,0,1,0,1,0,0,0
147.84,20,118.27,2024,8,5,0,0,0,0,0,0,0,0,0,0,0,0
365.95,10,329.36,2024,2,15,3,0,0,0,0,0,0,0,1,0,0,0
430.43,50,215.22,2024,9,23,0,0,0,0,0,0,0,0,0,1,0,0
229.58,50,114.79,2024,5,17,4,0,0,0,0,0,0,0,0,1,0,0
83.42,20,66.74,2024,9,28,5,1,0,0,0,0,0,1,1,0,0,0
456.22,5,433.41,2024,2,29,3,0,0,0,0,0,0,0,0,0,0,0
219.64,5,208.66,2024,3,25,0,0,0,0,1,0,0,0,0,0,0,0
312.88,50,156.44,2024,3,3,6,1,1,0,0,0,0,0,0,1,0,0
437.82,0,437.82,2024,7,25,3,0,1,0,0,0,0,0,1,0,0,0
171.3,50,85.65,2024,11,15,4,0,0,0,0,0,0,1,0,0,1,0
93.61,30,65.53,2024,7,29,0,0,0,0,0,0,0,1,0,0,0,0
24.68,30,17.28,2024,7,6,5,1,0,0,1,0,0,0,0,0,0,1
217.03,20,173.62,2024,10,20,6,1,0,0,1,0,0,0,0,1,0,0
425.48,15,361.66,2024,5,19,6,1,0,0,0,0,0,0,0,0,0,0
357.95,50,178.97,2024,4,27,5,1,0,0,1,0,0,0,0,0,0,0
271.43,50,135.72,2024,4,29,0,0,0,0,0,1,0,0,0,1,0,0
24.51,0,24.51,2024,1,30,1,0,0,0,0,0,0,1,1,0,0,0
430.38,0,430.38,2024,7,24,2,0,0,1,0,0,0,0,0,0,0,1
399.53,0,399.53,2024,1,11,3,0,1,0,0,0,0,0,0,0,0,1
491.37,20,393.1,2024,1,25,3,0,0,0,0,0,1,0,0,1,0,0
182.47,10,164.22,2024,5,11,5,1,0,0,0,1,0,0,0,0,0,0
352.7,10,317.43,2024,10,16,2,0,0,1,0,0,0,0,0,0,0,1
252.82,5,240.18,2024,4,6,5,1,0,0,1,0,0,0,0,1,0,0
478.35,10,430.52,2024,2,19,0,0,0,0,1,0,0,0,0,1,0,0
389.25,15,330.86,2024,8,20,1,0,0,0,0,0,0,0,0,0,1,0
233.66,20,186.93,2024,3,5,1,0,0,0,0,0,1,0,0,0,0,0
155.04,20,124.03,2024,8,13,1,0,0,0,0,0,1,0,0,0,0,0
340.4,10,306.36,2024,3,19,1,0,0,0,0,0,0,0,1,0,0,0
495.02,0,495.02,2024,4,30,1,0,0,1,0,0,0,0,0,1,0,0
398.65,30,279.05,2024,7,21,6,1,0,0,1,0,0,0,0,0,1,0
404.26,0,404.26,2024,2,23,4,0,1,0,0,0,0,0,0,0,0,1
47.54,10,42.79,2024,3,28,3,0,0,0,0,0,0,1,1,0,0,0
152.57,0,152.57,2024,10,22,1,0,0,0,0,0,0,1,0,0,0,1
399.49,50,199.75,2024,2,5,0,0,0,1,0,0,0,0,0,1,0,0
168.52,30,117.96,2024,5,20,0,0,0,0,0,0,1,0,0,0,0,1
474.27,5,450.56,2024,6,15,5,1,0,0,0,0,0,0,0,0,0,0
11.62,25,8.71,2024,9,8,6,1,0,0,0,0,0,1,0,0,0,1
433.2,15,368.22,2024,3,19,1,0,0,0,0,0,1,0,1,0,0,0
243.15,25,182.36,2024,7,1,0,0,0,0,0,0,1,0,0,1,0,0
338.68,10,304.81,2024,10,15,1,0,0,1,0,0,0,0,1,0,0,0
256.93,20,205.54,2024,1,12,4,0,0,1,0,0,0,0,1,0,0,0
153.36,0,153.36,2024,1,6,5,1,0,0,0,0,0,1,1,0,0,0
280.19,0,280.19,2024,6,8,5,1,0,0,0,0,0,1,0,1,0,0
335.27,5,318.51,2024,4,10,2,0,0,1,0,0,0,0,1,0,0,0
464.98,10,418.48,2024,7,1,0,0,0,0,0,0,1,0,0,1,0,0
454.39,15,386.23,2024,7,10,2,0,0,0,0,0,1,0,1,0,0,0
145.86,50,72.93,2024,7,16,1,0,0,0,1,0,0,0,0,0,0,1
195.95,25,146.96,2024,2,4,6,1,0,0,0,0,1,0,0,0,0,0
206.99,20,165.59,2024,6,18,1,0,0,0,0,1,0,0,0,1,0,0
108.04,25,81.03,2024,7,29,0,0,0,0,0,0,0,1,0,0,0,1
231.39,20,185.11,2024,8,26,0,0,0,1,0,0,0,0,0,0,0,0
356.81,15,303.29,2024,2,3,5,1,0,0,0,1,0,0,0,0,0,1
316.3,15,268.86,2024,10,4,4,0,0,0,0,0,0,0,0,0,1,0
77.96,15,66.27,2024,11,17,6,1,0,0,0,0,0,0,0,0,0,0
215.45,20,172.36,2024,1,5,4,0,0,0,1,0,0,0,1,0,0,0
499.36,20,399.49,2024,8,27,1,0,1,0,0,0,0,0,0,1,0,0
50.14,25,37.61,2024,8,30,4,0,0,0,0,0,1,0,1,0,0,0
425.24,10,382.72,2024,1,18,3,0,1,0,0,0,0,0,0,0,0,1
410.76,15,349.15,2024,8,31,5,1,0,0,1,0,0,0,0,0,0,0
149.52,30,104.66,2024,10,28,0,0,0,0,0,1,0,0,0,0,1,0
147.82,20,118.26,2024,3,1,4,0,0,0,0,0,0,0,0,1,0,0
418.98,15,356.13,2024,2,16,4,0,0,0,0,0,0,0,1,0,0,0
55.86,25,41.89,2024,6,7,4,0,0,0,0,1,0,0,0,0,0,0
33.8,50,16.9,2024,7,20,5,1,0,0,1,0,0,0,0,0,1,0
29.79,15,25.32,2024,1,11,3,0,0,0,1,0,0,0,0,1,0,0
344.67,15,292.97,2024,2,15,3,0,0,0,0,0,0,0,1,0,0,0
109.4,25,82.05,2024,8,21,2,0,1,0,0,0,0,0,0,1,0,0
444.09,50,222.04,2024,6,15,5,1,0,0,0,1,0,0,1,0,0,0
383.4,50,191.7,2024,4,13,5,1,0,0,0,0,1,0,0,0,1,0
328.07,30,229.65,2024,10,17,3,0,0,1,0,0,0,0,0,0,1,0
450.51,50,225.25,2024,10,11,4,0,0,0,0,0,1,0,1,0,0,0
350.51,50,175.25,2024,10,27,6,1,0,0,1,0,0,0,0,0,0,1
402.82,0,402.82,2024,2,12,0,0,0,0,0,0,0,0,0,1,0,0
12.81,30,8.97,2024,9,29,6,1,0,0,1,0,0,0,0,0,0,1
186.27,0,186.27,2024,1,29,0,0,0,1,0,0,0,0,0,0,1,0
34.93,30,24.45,2024,1,22,0,0,0,0,0,0,0,1,0,0,0,0
187.12,0,187.12,2024,2,10,5,1,1,0,0,0,0,0,0,0,0,0
301.12,0,301.12,2024,7,22,0,0,1,0,0,0,0,0,0,0,0,0
149.98,0,149.98,2024,8,20,1,0,0,1,0,0,0,0,0,1,0,0
475.44,15,404.12,2024,1,27,5,1,0,1,0,0,0,0,0,0,0,0
20.86,5,19.82,2024,3,18,0,0,1,0,0,0,0,0,0,1,0,0
499.0,50,249.5,2024,3,12,1,0,0,0,0,0,0,1,0,0,1,0
46.41,0,46.41,2024,6,13,3,0,1,0,0,0,0,0,1,0,0,0
35.47,25,26.6,2024,3,13,2,0,0,0,0,0,0,0,0,0,0,0
164.44,50,82.22,2024,6,22,5,1,0,1,0,0,0,0,0,1,0,0
164.41,20,131.53,2024,3,2,5,1,0,0,0,1,0,0,0,0,1,0
213.47,20,170.78,2024,5,21,1,0,0,0,0,0,0,0,1,0,0,0
320.31,15,272.26,2024,10,25,4,0,0,0,0,0,0,0,0,0,1,0
319.86,15,271.88,2024,6,27,3,0,0,0,0,1,0,0,1,0,0,0
41.53,0,41.53,2024,10,21,0,0,0,0,0,0,1,0,0,0,0,1
205.9,30,144.13,2024,5,13,0,0,0,0,0,1,0,0,1,0,0,0
67.85,15,57.67,2024,2,24,5,1,0,0,0,1,0,0,1,0,0,0
433.77,15,368.7,2024,3,23,5,1,0,0,0,0,0,1,0,0,1,0
496.95,25,372.71,2024,3,1,4,0,0,1,0,0,0,0,0,1,0,0
308.25,50,154.12,2024,7,23,1,0,0,1,0,0,0,0,0,1,0,0
280.8,15,238.68,2024,5,15,2,0,1,0,0,0,0,0,0,1,0,0
130.53,15,110.95,2024,7,16,1,0,0,0,1,0,0,0,0,0,0,1
299.12,15,254.25,2024,10,24,3,0,1,0,0,0,0,0,0,0,1,0
179.16,30,125.41,2024,5,19,6,1,0,0,1,0,0,0,0,1,0,0
237.25,25,177.94,2024,6,10,0,0,0,0,0,0,0,0,1,0,0,0
449.87,5,427.38,2024,8,7,2,0,0,0,0,0,0,1,0,1,0,0
138.04,0,138.04,2024,6,8,5,1,1,0,0,0,0,0,0,1,0,0
456.4,30,319.48,2024,11,16,5,1,0,1,0,0,0,0,1,0,0,0
487.06,0,487.06,2024,8,17,5,1,1,0,0,0,0,0,0,0,1,0
409.01,25,306.76,2024,1,15,0,0,0,0,1,0,0,0,0,0,0,1
97.09,10,87.38,2024,6,9,6,1,0,0,0,1,0,0,0,1,0,0
252.08,10,226.87,2024,1,30,1,0,0,0,0,1,0,0,0,0,1,0
248.11,30,173.68,2024,4,22,0,0,0,0,0,0,0,1,0,0,1,0
254.93,30,178.45,2024,1,28,6,1,0,0,1,0,0,0,0,0,0,1
351.79,30,246.25,2024,6,2,6,1,0,0,0,0,0,0,0,0,1,0
160.3,5,152.28,2024,8,23,4,0,0,0,0,0,0,1,0,0,0,1
319.97,15,271.97,2024,4,17,2,0,0,1,0,0,0,0,1,0,0,0
95.15,5,90.39,2024,7,31,2,0,0,0,0,0,1,0,0,0,0,1
381.45,15,324.23,2024,3,21,3,0,0,0,0,0,0,1,0,0,0,0
203.24,30,142.27,2024,9,15,6,1,0,0,0,1,0,0,0,0,1,0
118.84,25,89.13,2024,1,1,0,0,0,0,0,1,0,0,0,1,0,0
374.41,10,336.97,2024,1,13,5,1,0,0,0,0,0,0,0,0,1,0
57.79,30,40.45,2024,6,5,2,0,0,0,1,0,0,0,1,0,0,0
235.61,15,200.27,2024,9,17,1,0,0,0,1,0,0,0,1,0,0,0
162.91,5,154.76,2024,2,29,3,0,0,0,0,0,0,1,1,0,0,0
467.03,0,467.03,2024,2,25,6,1,0,0,0,1,0,0,0,1,0,0
468.31,30,327.82,2024,3,20,2,0,1,0,0,0,0,0,0,1,0,0
90.62,5,86.09,2024,1,16,1,0,0,0,1,0,0,0,0,1,0,0
420.77,10,378.69,2024,8,8,3,0,0,0,0,0,0,1,0,0,0,0
79.25,25,59.44,2024,7,22,0,0,0,0,0,1,0,0,1,0,0,0
76.89,15,65.36,2024,3,21,3,0,0,0,0,0,1,0,0,1,0,0
63.54,0,63.54,2024,6,16,6,1,1,0,0,0,0,0,0,0,0,0
465.65,50,232.82,2024,7,3,2,0,0,0,0,0,1,0,0,1,0,0
487.28,10,438.55,2024,3,9,5,1,0,0,0,1,0,0,1,0,0,0
347.3,15,295.2,2024,1,24,2,0,0,0,0,1,0,0,0,1,0,0
151.14,10,136.03,2024,7,15,0,0,0,0,1,0,0,0,0,0,0,1
273.0,0,273.0,2024,5,7,1,0,0,1,0,0,0,0,1,0,0,0
407.72,5,387.33,2024,9,9,0,0,0,0,0,1,0,0,0,0,0,1
70.67,25,53.0,2024,6,11,1,0,0,0,0,0,0,1,0,0,1,0
483.9,15,411.31,2024,2,20,1,0,0,1,0,0,0,0,0,0,0,1
170.58,30,119.41,2024,5,1,2,0,1,0,0,0,0,0,0,0,0,0
254.57,50,127.28,2024,3,6,2,0,0,0,0,1,0,0,0,0,0,1
243.77,30,170.64,2024,6,21,4,0,0,0,0,0,0,0,1,0,0,0
465.09,15,395.33,2024,6,14,4,0,0,1,0,0,0,0,0,0,0,1
86.11,30,60.28,2024,2,21,2,0,0,1,0,0,0,0,0,0,1,0
458.09,10,412.28,2024,7,9,1,0,0,0,1,0,0,0,0,0,1,0
147.92,5,140.52,2024,9,11,2,0,0,0,0,0,0,1,1,0,0,0
230.4,5,218.88,2024,1,27,5,1,0,0,0,0,0,1,0,0,0,1
354.94,25,266.2,2024,9,7,5,1,1,0,0,0,0,0,0,0,0,0
31.43,10,28.29,2024,11,12,1,0,0,0,1,0,0,0,0,0,1,0
481.77,5,457.68,2024,1,26,4,0,0,1,0,0,0,0,0,1,0,0
230.27,0,230.27,2024,8,14,2,0,0,0,0,0,1,0,0,0,0,1
49.18,20,39.34,2024,1,30,1,0,0,0,1,0,0,0,1,0,0,0
30.69,10,27.62,2024,1,1,0,0,0,0,1,0,0,0,0,1,0,0
330.13,50,165.06,2024,8,9,4,0,0,0,0,0,1,0,0,1,0,0
99.78,20,79.82,2024,9,3,1,0,0,0,0,1,0,0,0,0,0,1
299.27,5,284.31,2024,7,25,3,0,0,0,1,0,0,0,0,1,0,0
215.27,10,193.74,2024,9,25,2,0,0,1,0,0,0,0,0,0,0,0
246.81,5,234.47,2024,9,29,6,1,0,0,0,0,0,1,1,0,0,0
112.45,5,106.83,2024,11,12,1,0,0,0,0,0,1,0,0,0,0,1
137.6,30,96.32,2024,7,10,2,0,0,0,0,0,1,0,0,1,0,0
72.87,10,65.58,2024,9,9,0,0,0,1,0,0,0,0,1,0,0,0
282.01,30,197.41,2024,9,21,5,1,1,0,0,0,0,0,0,0,1,0
264.02,30,184.81,2024,11,11,0,0,0,0,0,0,0,0,1,0,0,0
438.82,50,219.41,2024,10,11,4,0,0,1,0,0,0,0,0,0,0,1
287.83,30,201.48,2024,7,25,3,0,0,0,0,0,1,0,0,1,0,0
148.73,10,133.86,2024,7,12,4,0,0,0,1,0,0,0,0,0,0,0
311.38,15,264.67,2024,7,24,2,0,1,0,0,0,0,0,0,1,0,0
458.77,10,412.89,2024,11,17,6,1,0,0,1,0,0,0,0,0,0,1
89.74,30,62.82,2024,1,11,3,0,1,0,0,0,0,0,0,0,0,1
286.91,50,143.46,2024,9,1,6,1,0,0,0,0,0,0,0,0,0,1
413.43,5,392.76,2024,2,23,4,0,0,0,0,0,1,0,0,1,0,0
49.61,10,44.65,2024,8,6,1,0,0,0,0,0,0,1,0,0,1,0
474.78,30,332.35,2024,10,28,0,0,1,0,0,0,0,0,0,0,0,1
176.59,20,141.27,2024,6,4,1,0,0,0,0,0,0,1,0,0,0,0
185.03,30,129.52,2024,4,25,3,0,0,1,0,0,0,0,1,0,0,0
291.53,0,291.53,2024,6,4,1,0,0,0,0,0,0,1,0,0,0,0
222.4,20,177.92,2024,11,13,2,0,1,0,0,0,0,0,0,1,0,0
490.62,20,392.5,2024,6,9,6,1,0,0,0,0,1,0,0,0,0,1
182.37,20,145.9,2024,6,13,3,0,1,0,0,0,0,0,0,0,0,0
149.07,25,111.8,2024,1,13,5,1,0,0,1,0,0,0,1,0,0,0
222.07,10,199.86,2024,10,30,2,0,0,0,1,0,0,0,1,0,0,0
271.04,10,243.94,2024,9,15,6,1,0,0,0,0,0,0,0,0,0,0
222.78,15,189.36,2024,3,13,2,0,0,0,0,0,0,1,0,0,0,0
70.53,15,59.95,2024,1,24,2,0,0,0,0,0,1,0,1,0,0,0
456.08,30,319.26,2024,5,22,2,0,1,0,0,0,0,0,1,0,0,0
437.68,10,393.91,2024,9,18,2,0,0,0,0,0,0,0,0,0,0,0
67.34,5,63.97,2024,3,9,5,1,0,1,0,0,0,0,1,0,0,0
233.53,25,175.15,2024,11,9,5,1,0,0,0,0,0,1,0,1,0,0
92.83,25,69.62,2024,5,16,3,0,0,1,0,0,0,0,0,0,1,0
404.71,0,404.71,2024,2,7,2,0,0,0,0,1,0,0,0,0,0,0
477.05,50,238.53,2024,8,17,5,1,0,0,0,1,0,0,0,0,1,0
244.37,0,244.37,2024,10,25,4,0,1,0,0,0,0,0,0,0,1,0
102.86,30,72.0,2024,7,5,4,0,0,0,0,0,0,1,0,0,0,1
356.25,30,249.37,2024,7,19,4,0,0,0,1,0,0,0,0,0,0,1
108.51,25,81.38,2024,6,7,4,0,1,0,0,0,0,0,0,0,0,0
207.67,30,145.37,2024,6,12,2,0,0,0,0,0,0,1,0,1,0,0
74.87,50,37.44,2024,5,27,0,0,0,0,0,0,1,0,0,0,0,0
480.9,5,456.85,2024,6,29,5,1,0,0,0,0,0,1,0,0,1,0
65.53,15,55.7,2024,1,30,1,0,0,1,0,0,0,0,0,1,0,0
40.21,10,36.19,2024,4,20,5,1,0,1,0,0,0,0,0,1,0,0
303.09,10,272.78,2024,1,8,0,0,0,0,0,1,0,0,0,0,0,0
263.81,0,263.81,2024,4,28,6,1,0,0,0,1,0,0,0,0,0,0
384.34,50,192.17,2024,10,18,4,0,0,0,0,0,0,0,0,0,0,1
197.02,25,147.77,2024,1,29,0,0,0,0,0,1,0,0,0,0,1,0
404.92,25,303.69,2024,7,27,5,1,0,1,0,0,0,0,0,0,0,0
171.06,5,162.51,2024,11,14,3,0,0,0,0,1,0,0,0,0,1,0
434.67,5,412.94,2024,8,24,5,1,1,0,0,0,0,0,0,0,0,0
56.67,30,39.67,2024,9,16,0,0,0,0,0,0,0,1,1,0,0,0
125.2,0,125.2,2024,9,19,3,0,0,0,1,0,0,0,0,0,0,0
354.46,0,354.46,2024,6,12,2,0,0,0,0,0,1,0,0,0,1,0
268.57,30,188.0,2024,6,1,5,1,0,0,0,1,0,0,1,0,0,0
450.73,50,225.37,2024,1,2,1,0,0,0,0,0,0,1,0,0,0,0
360.74,5,342.7,2024,3,26,1,0,0,0,0,0,1,0,0,0,0,1
368.83,10,331.95,2024,6,19,2,0,0,0,0,0,1,0,0,1,0,0
195.94,10,176.35,2024,6,9,6,1,0,0,0,0,1,0,0,0,0,0
214.73,50,107.36,2024,9,24,1,0,1,0,0,0,0,0,0,0,0,1
249.63,10,224.67,2024,7,24,2,0,1,0,0,0,0,0,0,0,1,0
45.18,30,31.63,2024,10,20,6,1,0,0,0,0,0,1,1,0,0,0
41.06,10,36.95,2024,10,17,3,0,1,0,0,0,0,0,0,0,0,0
381.42,0,381.42,2024,1,2,1,0,0,1,0,0,0,0,0,0,0,0
493.08,5,468.43,2024,8,22,3,0,0,0,0,0,0,0,1,0,0,0
117.31,0,117.31,2024,10,18,4,0,0,1,0,0,0,0,0,0,1,0
253.73,10,228.36,2024,7,31,2,0,0,0,0,0,1,0,0,0,1,0
334.97,30,234.48,2024,3,5,1,0,0,0,1,0,0,0,0,1,0,0
58.66,15,49.86,2024,6,24,0,0,1,0,0,0,0,0,0,1,0,0
79.22,0,79.22,2024,2,11,6,1,0,0,1,0,0,0,0,0,0,0
476.9,30,333.83,2024,7,12,4,0,0,0,0,0,0,1,1,0,0,0
268.4,10,241.56,2024,9,10,1,0,0,0,0,1,0,0,1,0,0,0
103.52,10,93.17,2024,7,4,3,0,1,0,0,0,0,0,0,0,0,1
470.39,30,329.27,2024,3,27,2,0,0,1,0,0,0,0,0,0,1,0
322.28,5,306.17,2024,6,22,5,1,0,1,0,0,0,0,0,1,0,0
268.31,25,201.23,2024,1,17,2,0,1,0,0,0,0,0,0,0,0,0
395.04,20,316.03,2024,2,20,1,0,0,1,0,0,0,0,1,0,0,0
75.21,15,63.93,2024,7,28,6,1,0,0,0,0,1,0,1,0,0,0
336.21,10,302.59,2024,6,4,1,0,0,0,0,0,0,1,0,0,0,1
472.19,0,472.19,2024,3,10,6,1,0,1,0,0,0,0,0,1,0,0
268.42,5,255.0,2024,1,26,4,0,0,0,0,0,0,1,0,0,1,0
70.29,50,35.15,2024,3,29,4,0,0,1,0,0,0,0,0,0,1,0
124.79,20,99.83,2024,3,23,5,1,0,1,0,0,0,0,0,0,0,0
358.47,50,179.24,2024,3,16,5,1,0,0,1,0,0,0,0,0,0,1
11.83,5,11.24,2024,4,13,5,1,1,0,0,0,0,0,0,0,0,1
361.89,0,361.89,2024,2,6,1,0,0,0,1,0,0,0,0,0,0,1
22.47,50,11.23,2024,6,27,3,0,1,0,0,0,0,0,0,0,0,1
257.41,25,193.06,2024,8,4,6,1,0,0,1,0,0,0,0,0,0,1
447.66,30,313.36,2024,11,17,6,1,0,0,1,0,0,0,0,1,0,0
107.75,25,80.81,2024,10,24,3,0,0,0,0,0,1,0,0,0,1,0
430.37,5,408.85,2024,1,24,2,0,0,0,0,0,0,1,0,0,0,0
389.18,20,311.34,2024,10,29,1,0,0,0,0,0,0,1,0,0,0,0
14.0,5,13.3,2024,1,2,1,0,0,0,0,0,0,1,0,1,0,0
83.76,15,71.2,2024,2,26,0,0,0,0,0,0,0,1,0,1,0,0
461.12,50,230.56,2024,3,30,5,1,0,0,0,0,0,1,1,0,0,0
477.27,5,453.41,2024,8,15,3,0,0,0,0,0,0,0,1,0,0,0
401.83,30,281.28,2024,10,25,4,0,0,0,0,0,0,0,0,0,1,0
107.73,10,96.96,2024,3,24,6,1,1,0,0,0,0,0,0,0,1,0
353.55,15,300.52,2024,11,4,0,0,0,0,0,0,0,0,0,1,0,0
142.07,5,134.97,2024,9,22,6,1,0,0,0,0,1,0,0,0,0,1
224.1,25,168.07,2024,7,20,5,1,0,0,0,1,0,0,0,0,0,0
142.54,30,99.78,2024,6,12,2,0,0,0,0,0,0,1,0,1,0,0
179.89,50,89.94,2024,5,23,3,0,0,0,0,1,0,0,0,0,1,0
342.71,20,274.17,2024,5,30,3,0,0,0,0,1,0,0,0,0,0,0
489.86,30,342.9,2024,10,14,0,0,1,0,0,0,0,0,0,0,0,0
189.68,5,180.2,2024,2,5,0,0,0,0,0,1,0,0,0,0,0,1
95.16,10,85.64,2024,9,7,5,1,0,0,0,1,0,0,0,0,0,1
177.35,20,141.88,2024,3,2,5,1,0,0,0,1,0,0,1,0,0,0
223.91,30,156.74,2024,10,8,1,0,0,0,0,0,0,0,0,1,0,0
386.24,5,366.93,2024,11,15,4,0,0,1,0,0,0,0,0,0,0,0
150.85,10,135.76,2024,3,28,3,0,0,0,0,0,1,0,1,0,0,0
447.22,15,380.14,2024,9,16,0,0,0,1,0,0,0,0,0,1,0,0
251.13,0,251.13,2024,10,9,2,0,0,0,0,0,1,0,0,0,0,0
405.16,25,303.87,2024,11,9,5,1,0,0,0,0,1,0,0,1,0,0
471.46,15,400.74,2024,8,27,1,0,0,0,0,0,0,0,0,1,0,0
10.58,5,10.05,2024,4,27,5,1,0,0,0,0,0,0,1,0,0,0
491.92,30,344.34,2024,7,20,5,1,0,0,0,0,1,0,0,0,0,0
247.75,5,235.36,2024,7,11,3,0,0,0,0,0,1,0,0,0,1,0
158.62,20,126.9,2024,8,30,4,0,0,0,0,0,1,0,0,0,0,0
336.93,5,320.08,2024,6,3,0,0,0,0,0,1,0,0,1,0,0,0
311.3,25,233.48,2024,2,2,4,0,0,0,0,0,0,1,1,0,0,0
280.73,5,266.69,2024,8,11,6,1,0,0,0,0,0,1,1,0,0,0
436.53,0,436.53,2024,4,16,1,0,0,0,0,0,0,0,0,0,1,0
366.94,20,293.55,2024,9,8,6,1,0,0,0,0,0,1,0,0,0,0
13.49,5,12.82,2024,8,7,2,0,1,0,0,0,0,0,0,1,0,0
182.15,20,145.72,2024,3,11,0,0,0,0,1,0,0,0,0,0,0,0
140.83,10,126.75,2024,1,6,5,1,0,1,0,0,0,0,0,0,1,0
159.05,30,111.34,2024,2,18,6,1,1,0,0,0,0,0,1,0,0,0
136.1,0,136.1,2024,1,4,3,0,0,0,0,1,0,0,1,0,0,0
192.28,20,153.82,2024,9,6,4,0,0,0,0,1,0,0,0,0,0,1
437.53,15,371.9,2024,3,30,5,1,0,0,1,0,0,0,0,1,0,0
128.95,0,128.95,2024,9,3,1,0,0,0,0,1,0,0,0,0,0,0
355.35,5,337.58,2024,3,20,2,0,0,0,0,1,0,0,0,1,0,0
491.63,15,417.89,2024,2,14,2,0,0,1,0,0,0,0,0,0,0,1
137.13,5,130.27,2024,11,20,2,0,1,0,0,0,0,0,0,0,0,0
457.41,25,343.06,2024,11,12,1,0,0,0,1,0,0,0,0,0,1,0
425.6,20,340.48,2024,5,11,5,1,0,0,0,0,0,0,0,0,0,0
204.49,50,102.25,2024,4,26,4,0,0,0,0,1,0,0,0,1,0,0
471.03,0,471.03,2024,8,28,2,0,0,1,0,0,0,0,1,0,0,0
420.58,15,357.49,2024,1,29,0,0,0,1,0,0,0,0,1,0,0,0
214.62,0,214.62,2024,9,16,0,0,0,0,0,1,0,0,0,1,0,0
494.16,50,247.08,2024,2,9,4,0,1,0,0,0,0,0,1,0,0,0
378.63,20,302.9,2024,3,1,4,0,0,0,1,0,0,0,1,0,0,0
172.74,15,146.83,2024,5,19,6,1,0,1,0,0,0,0,0,0,1,0
17.08,30,11.96,2024,5,15,2,0,0,0,0,0,0,1,0,1,0,0
338.44,10,304.6,2024,9,9,0,0,0,0,0,0,1,0,0,1,0,0
148.98,50,74.49,2024,5,22,2,0,0,1,0,0,0,0,0,1,0,0
346.17,30,242.32,2024,1,30,1,0,0,0,0,1,0,0,0,0,0,0
135.91,5,129.11,2024,6,12,2,0,0,0,0,0,1,0,1,0,0,0
341.06,10,306.95,2024,4,8,0,0,0,0,0,0,0,1,0,0,0,0
416.7,0,416.7,2024,4,18,3,0,0,1,0,0,0,0,1,0,0,0
97.95,25,73.46,2024,5,25,5,1,1,0,0,0,0,0,0,0,0,1
118.21,30,82.75,2024,2,7,2,0,0,0,0,0,1,0,1,0,0,0
255.92,10,230.33,2024,8,18,6,1,1,0,0,0,0,0,0,1,0,0
198.11,50,99.06,2024,7,22,0,0,1,0,0,0,0,0,1,0,0,0
80.06,15,68.05,2024,10,17,3,0,0,0,0,0,0,1,0,1,0,0
108.02,20,86.42,2024,1,4,3,0,0,0,0,0,1,0,1,0,0,0
158.49,15,134.72,2024,5,16,3,0,0,0,0,0,0,1,0,0,1,0
316.9,20,253.52,2024,2,8,3,0,0,0,1,0,0,0,0,0,1,0
142.15,50,71.08,2024,10,28,0,0,0,1,0,0,0,0,0,0,1,0
433.65,20,346.92,2024,11,9,5,1,0,0,0,0,0,0,0,0,0,0
51.82,0,51.82,2024,4,7,6,1,0,0,0,1,0,0,0,0,0,0
287.77,10,258.99,2024,11,11,0,0,0,0,0,1,0,0,0,0,0,0
263.46,30,184.42,2024,7,14,6,1,0,1,0,0,0,0,0,1,0,0
464.8,30,325.36,2024,4,18,3,0,0,0,0,0,0,1,1,0,0,0
179.09,50,89.55,2024,3,5,1,0,1,0,0,0,0,0,0,1,0,0
56.34,10,50.71,2024,3,4,0,0,0,0,0,0,0,0,1,0,0,0
293.68,25,220.26,2024,8,30,4,0,0,0,0,0,1,0,1,0,0,0
204.69,50,102.34,2024,8,15,3,0,1,0,0,0,0,0,1,0,0,0
85.67,30,59.97,2024,4,9,1,0,0,0,0,0,0,0,0,1,0,0
271.62,20,217.3,2024,4,8,0,0,0,0,0,0,0,1,0,0,0,0
434.06,50,217.03,2024,9,27,4,0,1,0,0,0,0,0,1,0,0,0
403.69,5,383.51,2024,7,19,4,0,0,0,0,0,0,1,0,1,0,0
250.78,0,250.78,2024,2,12,0,0,0,0,0,0,1,0,0,0,0,1
472.01,10,424.81,2024,11,17,6,1,0,1,0,0,0,0,0,0,0,0
411.25,10,370.12,2024,6,4,1,0,0,0,0,0,0,1,1,0,0,0
129.1,50,64.55,2024,7,30,1,0,0,0,0,1,0,0,0,0,1,0
427.22,5,405.86,2024,8,22,3,0,0,0,0,0,1,0,0,0,0,1
200.58,5,190.55,2024,2,24,5,1,0,0,0,0,0,0,1,0,0,0
147.46,30,103.22,2024,3,18,0,0,0,0,0,1,0,0,0,0,0,1
284.81,0,284.81,2024,7,11,3,0,0,0,0,0,1,0,0,0,0,0
32.57,15,27.68,2024,5,18,5,1,0,1,0,0,0,0,0,1,0,0
322.14,50,161.07,2024,9,11,2,0,1,0,0,0,0,0,1,0,0,0
187.36,5,177.99,2024,3,18,0,0,1,0,0,0,0,0,0,0,1,0
479.31,0,479.31,2024,10,24,3,0,0,0,0,0,1,0,0,1,0,0
138.58,15,117.79,2024,4,17,2,0,0,0,0,1,0,0,1,0,0,0
354.92,0,354.92,2024,10,12,5,1,0,0,1,0,0,0,0,1,0,0
329.08,10,296.17,2024,9,7,5,1,0,0,0,0,0,0,0,0,0,1
399.27,0,399.27,2024,11,21,3,0,0,0,0,1,0,0,0,0,1,0
366.82,5,348.48,2024,10,26,5,1,0,0,0,0,0,1,0,0,0,1
395.07,25,296.3,2024,5,22,2,0,0,0,1,0,0,0,0,1,0,0
427.4,20,341.92,2024,7,9,1,0,1,0,0,0,0,0,0,0,0,1
433.97,20,347.18,2024,1,5,4,0,1,0,0,0,0,0,0,0,0,1
31.97,10,28.77,2024,5,17,4,0,0,0,0,1,0,0,0,0,0,1
430.19,20,344.15,2024,7,18,3,0,0,0,0,0,0,0,0,0,0,0
231.04,10,207.94,2024,4,8,0,0,0,1,0,0,0,0,0,0,1,0
41.27,5,39.21,2024,7,26,4,0,0,1,0,0,0,0,0,0,1,0
313.34,30,219.34,2024,8,4,6,1,0,0,0,1,0,0,0,0,0,0
460.68,5,437.65,2024,5,31,4,0,0,0,0,0,1,0,0,0,0,1
456.87,25,342.65,2024,7,19,4,0,0,0,0,0,0,1,1,0,0,0
214.75,0,214.75,2024,6,19,2,0,0,1,0,0,0,0,0,1,0,0
386.52,5,367.19,2024,10,4,4,0,0,0,0,0,1,0,0,1,0,0
190.17,0,190.17,2024,4,4,3,0,0,0,0,1,0,0,0,1,0,0
327.17,30,229.02,2024,8,18,6,1,0,0,0,1,0,0,0,0,0,1
295.26,15,250.97,2024,10,15,1,0,1,0,0,0,0,0,1,0,0,0
106.96,10,96.26,2024,6,25,1,0,0,1,0,0,0,0,0,1,0,0
169.52,0,169.52,2024,2,16,4,0,0,0,0,0,0,1,1,0,0,0
344.57,50,172.28,2024,7,12,4,0,0,0,0,0,1,0,0,0,0,0
89.46,15,76.04,2024,10,26,5,1,0,0,0,1,0,0,1,0,0,0
472.59,5,448.96,2024,9,21,5,1,0,0,0,0,0,0,0,1,0,0
89.3,30,62.51,2024,1,10,2,0,0,0,0,0,0,1,0,0,0,0
288.05,0,288.05,2024,6,21,4,0,0,0,0,0,1,0,0,0,1,0
176.69,25,132.52,2024,2,21,2,0,0,1,0,0,0,0,0,0,1,0
444.5,30,311.15,2024,7,13,5,1,1,0,0,0,0,0,0,1,0,0
144.11,0,144.11,2024,7,17,2,0,0,0,0,0,1,0,0,1,0,0
433.94,0,433.94,2024,7,1,0,0,0,0,0,0,1,0,0,0,0,0
160.88,25,120.66,2024,1,1,0,0,0,1,0,0,0,0,1,0,0,0
434.47,0,434.47,2024,5,29,2,0,0,0,0,0,1,0,0,0,0,0
230.16,50,115.08,2024,2,15,3,0,0,0,0,1,0,0,0,0,0,1
276.95,20,221.56,2024,4,15,0,0,0,0,0,1,0,0,1,0,0,0
394.59,0,394.59,2024,8,6,1,0,0,0,0,1,0,0,0,0,0,0
371.41,10,334.27,2024,10,17,3,0,0,0,1,0,0,0,1,0,0,0
349.27,15,296.88,2024,7,4,3,0,0,0,0,0,1,0,0,1,0,0
51.97,20,41.58,2024,10,24,3,0,0,1,0,0,0,0,1,0,0,0
298.43,0,298.43,2024,8,23,4,0,0,0,0,0,0,1,0,0,0,0
361.04,0,361.04,2024,4,1,0,0,0,0,0,1,0,0,0,1,0,0
31.89,25,23.92,2024,4,3,2,0,0,0,0,0,0,0,0,0,0,1
393.9,50,196.95,2024,10,28,0,0,0,0,0,0,0,0,1,0,0,0
432.65,30,302.85,2024,5,23,3,0,1,0,0,0,0,0,0,0,1,0
262.74,15,223.33,2024,5,19,6,1,0,0,0,1,0,0,1,0,0,0
34.02,20,27.22,2024,5,26,6,1,0,0,1,0,0,0,0,0,0,1
101.83,25,76.37,2024,5,13,0,0,0,0,1,0,0,0,0,0,0,0
418.08,0,418.08,2024,8,29,3,0,0,0,0,0,0,1,0,1,0,0
285.27,25,213.95,2024,4,21,6,1,0,1,0,0,0,0,0,0,0,0
233.63,30,163.54,2024,5,16,3,0,0,0,0,0,1,0,1,0,0,0
257.48,15,218.86,2024,3,30,5,1,0,1,0,0,0,0,0,0,0,1
445.72,50,222.86,2024,10,26,5,1,1,0,0,0,0,0,0,0,0,0
257.18,5,244.32,2024,7,11,3,0,0,0,0,0,0,0,1,0,0,0
278.99,15,237.14,2024,10,2,2,0,0,0,1,0,0,0,1,0,0,0
252.94,30,177.06,2024,3,24,6,1,0,0,0,0,0,0,0,0,1,0
50.37,10,45.33,2024,11,2,5,1,0,0,0,0,1,0,1,0,0,0
106.14,0,106.14,2024,6,3,0,0,0,0,1,0,0,0,0,1,0,0
399.39,10,359.45,2024,11,10,6,1,0,0,0,0,1,0,0,0,1,0
291.89,10,262.7,2024,2,26,0,0,0,0,1,0,0,0,1,0,0,0
279.35,5,265.38,2024,4,15,0,0,0,0,0,1,0,0,0,0,0,0
197.95,15,168.26,2024,9,27,4,0,1,0,0,0,0,0,0,0,1,0
463.22,5,440.06,2024,6,2,6,1,0,0,0,1,0,0,0,0,0,0
168.01,50,84.0,2024,8,21,2,0,0,0,0,0,1,0,0,0,0,1
38.25,30,26.77,2024,10,17,3,0,0,0,0,1,0,0,1,0,0,0
436.07,5,414.27,2024,5,1,2,0,0,0,0,0,1,0,0,1,0,0
44.39,0,44.39,2024,8,21,2,0,0,0,0,0,0,0,0,0,0,1
237.6,5,225.72,2024,10,8,1,0,0,0,1,0,0,0,0,0,0,0
214.63,25,160.97,2024,8,9,4,0,0,0,1,0,0,0,0,0,1,0
471.68,20,377.34,2024,2,8,3,0,0,0,0,0,0,0,0,0,0,1
386.36,20,309.09,2024,9,17,1,0,1,0,0,0,0,0,0,1,0,0
218.86,10,196.97,2024,3,24,6,1,0,0,0,0,0,0,0,0,0,0
331.21,30,231.85,2024,4,2,1,0,0,1,0,0,0,0,1,0,0,0
18.8,25,14.1,2024,7,18,3,0,0,0,1,0,0,0,0,0,0,1
215.01,50,107.5,2024,6,8,5,1,0,0,1,0,0,0,0,0,1,0
367.33,50,183.66,2024,3,27,2,0,0,0,0,0,0,0,0,1,0,0
383.36,0,383.36,2024,3,4,0,0,0,0,0,0,0,0,0,0,0,1
146.46,5,139.14,2024,8,5,0,0,0,0,0,0,1,0,0,0,0,0
249.34,20,199.47,2024,6,11,1,0,0,0,0,0,0,1,1,0,0,0
192.73,25,144.55,2024,3,8,4,0,0,0,1,0,0,0,0,0,1,0
117.42,20,93.94,2024,9,28,5,1,0,1,0,0,0,0,0,0,0,0
199.48,15,169.56,2024,11,21,3,0,0,0,0,0,0,1,0,0,1,0
463.31,15,393.81,2024,4,30,1,0,0,0,0,0,0,1,0,0,0,1
185.53,10,166.98,2024,11,17,6,1,0,0,0,0,0,1,0,0,0,0
481.16,25,360.87,2024,5,20,0,0,1,0,0,0,0,0,0,0,0,0
167.77,30,117.44,2024,4,12,4,0,1,0,0,0,0,0,0,0,1,0
123.79,0,123.79,2024,1,9,1,0,0,0,1,0,0,0,0,1,0,0
331.56,50,165.78,2024,9,5,3,0,1,0,0,0,0,0,0,0,0,0
129.45,5,122.98,2024,8,18,6,1,0,0,0,0,1,0,0,0,0,0
347.27,25,260.45,2024,6,12,2,0,0,0,1,0,0,0,1,0,0,0
489.29,10,440.36,2024,1,19,4,0,0,0,0,0,0,1,0,0,1,0
235.18,0,235.18,2024,1,28,6,1,1,0,0,0,0,0,0,0,0,1
477.68,30,334.38,2024,5,17,4,0,1,0,0,0,0,0,0,0,0,1
159.95,30,111.96,2024,4,28,6,1,0,0,0,1,0,0,0,0,1,0
112.55,25,84.41,2024,11,1,4,0,0,0,0,0,0,1,0,0,0,0
56.87,10,51.18,2024,8,25,6,1,0,0,0,1,0,0,1,0,0,0
142.61,10,128.35,2024,7,6,5,1,0,0,1,0,0,0,0,0,0,0
33.31,15,28.31,2024,4,26,4,0,0,1,0,0,0,0,1,0,0,0
177.17,25,132.88,2024,9,7,5,1,0,0,0,0,0,0,1,0,0,0
382.64,30,267.85,2024,11,12,1,0,0,0,0,1,0,0,1,0,0,0
104.37,20,83.5,2024,11,2,5,1,0,1,0,0,0,0,0,0,0,0
329.03,25,246.77,2024,1,31,2,0,0,0,0,1,0,0,0,0,1,0
272.05,15,231.24,2024,10,1,1,0,0,0,1,0,0,0,0,0,0,1
192.95,5,183.3,2024,8,20,1,0,0,0,0,0,0,1,0,1,0,0
128.74,50,64.37,2024,9,19,3,0,0,0,0,1,0,0,0,0,0,0
361.85,25,271.39,2024,2,5,0,0,0,0,1,0,0,0,0,0,0,1
197.88,10,178.09,2024,4,21,6,1,0,0,0,0,0,1,0,1,0,0
122.79,15,104.37,2024,1,25,3,0,0,1,0,0,0,0,0,0,0,1
290.14,15,246.62,2024,4,13,5,1,0,0,0,1,0,0,1,0,0,0
227.45,20,181.96,2024,5,19,6,1,0,0,1,0,0,0,0,0,1,0
318.96,30,223.27,2024,2,15,3,0,1,0,0,0,0,0,0,1,0,0
160.41,50,80.2,2024,8,24,5,1,0,0,0,0,0,0,0,0,1,0
428.15,25,321.11,2024,7,27,5,1,0,1,0,0,0,0,1,0,0,0
351.68,30,246.18,2024,5,8,2,0,0,0,0,0,0,1,0,1,0,0
245.25,20,196.2,2024,5,13,0,0,0,0,0,0,0,1,0,0,0,1
327.94,30,229.56,2024,2,29,3,0,0,0,0,0,0,0,0,0,1,0
53.15,0,53.15,2024,9,10,1,0,0,0,0,0,0,0,0,1,0,0
483.76,50,241.88,2024,5,5,6,1,0,0,1,0,0,0,0,0,1,0
60.12,20,48.1,2024,9,1,6,1,0,0,0,0,0,1,0,0,1,0
298.24,30,208.77,2024,7,2,1,0,0,0,0,0,0,0,0,0,0,1
51.92,0,51.92,2024,5,24,4,0,0,0,0,1,0,0,0,1,0,0
45.39,50,22.7,2024,10,16,2,0,0,0,0,0,1,0,0,0,1,0
60.17,15,51.14,2024,9,29,6,1,0,1,0,0,0,0,0,0,0,0
265.56,25,199.17,2024,4,23,1,0,1,0,0,0,0,0,1,0,0,0
215.49,5,204.72,2024,11,13,2,0,1,0,0,0,0,0,0,1,0,0
168.21,0,168.21,2024,3,1,4,0,0,0,0,0,1,0,0,0,0,0
230.21,0,230.21,2024,8,21,2,0,0,0,0,0,0,0,0,0,0,1
448.57,20,358.86,2024,2,28,2,0,0,0,0,0,0,0,1,0,0,0
96.31,5,91.49,2024,4,11,3,0,0,0,0,0,1,0,0,1,0,0
329.54,20,263.63,2024,11,16,5,1,1,0,0,0,0,0,0,0,1,0
417.07,50,208.53,2024,1,14,6,1,1,0,0,0,0,0,0,1,0,0
264.45,5,251.23,2024,2,28,2,0,1,0,0,0,0,0,0,1,0,0
82.72,20,66.18,2024,7,14,6,1,0,1,0,0,0,0,0,0,0,0
265.25,0,265.25,2024,5,6,0,0,0,1,0,0,0,0,0,0,0,1
464.26,30,324.98,2024,4,12,4,0,0,0,0,1,0,0,0,0,0,0
205.68,10,185.11,2024,1,26,4,0,0,0,1,0,0,0,0,0,1,0
41.41,30,28.99,2024,6,1,5,1,0,0,0,0,0,0,0,0,1,0
142.61,10,128.35,2024,3,31,6,1,0,0,0,0,0,0,1,0,0,0
189.35,50,94.67,2024,11,12,1,0,0,0,0,0,1,0,0,0,0,1
24.41,10,21.97,2024,6,29,5,1,0,0,0,0,1,0,0,0,0,0
428.85,15,364.52,2024,10,23,2,0,1,0,0,0,0,0,0,0,0,0
297.35,30,208.15,2024,6,28,4,0,0,0,0,0,0,0,0,1,0,0
53.13,25,39.85,2024,8,25,6,1,1,0,0,0,0,0,0,0,0,0
496.31,25,372.23,2024,2,18,6,1,0,0,0,0,0,0,0,0,0,0
313.5,10,282.15,2024,3,21,3,0,0,0,0,1,0,0,0,0,1,0
166.78,20,133.42,2024,3,11,0,0,0,0,0,0,1,0,0,0,0,0
80.69,0,80.69,2024,3,1,4,0,1,0,0,0,0,0,0,0,0,0
205.66,20,164.53,2024,6,25,1,0,0,0,0,1,0,0,0,1,0,0
294.06,20,235.25,2024,1,30,1,0,0,0,0,0,1,0,0,0,0,0
481.0,30,336.7,2024,7,9,1,0,0,1,0,0,0,0,0,0,0,1
64.64,25,48.48,2024,8,26,0,0,0,0,0,0,0,1,0,0,1,0
437.28,10,393.55,2024,1,16,1,0,0,0,0,0,0,0,0,0,0,0
338.85,5,321.91,2024,4,29,0,0,0,0,1,0,0,0,0,0,0,1
486.64,10,437.98,2024,10,1,1,0,0,0,0,0,0,1,0,1,0,0
59.31,20,47.45,2024,10,15,1,0,0,0,0,0,0,0,1,0,0,0
59.56,25,44.67,2024,4,12,4,0,0,0,1,0,0,0,0,0,0,0
322.39,5,306.27,2024,4,21,6,1,0,1,0,0,0,0,0,0,0,1
459.93,15,390.94,2024,3,6,2,0,0,0,0,0,0,0,0,0,0,0
265.71,25,199.28,2024,4,4,3,0,0,0,1,0,0,0,0,0,1,0
26.45,25,19.84,2024,7,29,0,0,1,0,0,0,0,0,0,0,0,0
357.62,50,178.81,2024,4,5,4,0,0,0,0,0,1,0,0,1,0,0
282.33,10,254.1,2024,11,18,0,0,0,0,0,0,0,1,0,0,0,1
396.56,50,198.28,2024,9,13,4,0,1,0,0,0,0,0,0,0,0,0
456.74,0,456.74,2024,6,7,4,0,0,0,0,0,0,1,0,0,1,0
281.5,20,225.2,2024,2,24,5,1,0,0,1,0,0,0,0,0,1,0
230.41,5,218.89,2024,6,15,5,1,0,1,0,0,0,0,0,1,0,0
479.45,20,383.56,2024,4,24,2,0,0,0,0,0,1,0,0,0,0,0
81.48,5,77.41,2024,5,1,2,0,0,0,0,0,0,0,0,0,1,0
229.63,15,195.19,2024,4,26,4,0,0,0,0,1,0,0,1,0,0,0
422.68,50,211.34,2024,6,11,1,0,0,0,1,0,0,0,0,0,0,1
50.88,15,43.25,2024,3,16,5,1,0,0,0,0,1,0,0,0,0,1
369.95,15,314.46,2024,1,22,0,0,0,1,0,0,0,0,0,0,1,0
58.77,25,44.08,2024,1,13,5,1,0,0,0,1,0,0,0,0,1,0
397.97,15,338.27,2024,2,25,6,1,0,0,0,0,0,1,1,0,0,0
282.65,20,226.12,2024,6,29,5,1,1,0,0,0,0,0,1,0,0,0
48.25,10,43.43,2024,7,26,4,0,0,1,0,0,0,0,0,0,0,1
191.29,25,143.47,2024,2,28,2,0,1,0,0,0,0,0,0,0,0,0
309.01,20,247.21,2024,7,11,3,0,0,1,0,0,0,0,1,0,0,0
93.6,10,84.24,2024,5,26,6,1,1,0,0,0,0,0,0,0,0,0
347.27,0,347.27,2024,11,4,0,0,0,0,0,0,0,0,0,0,0,0
170.9,15,145.27,2024,11,10,6,1,1,0,0,0,0,0,0,0,0,0
378.49,30,264.94,2024,4,15,0,0,0,0,0,0,1,0,0,0,0,1
480.02,50,240.01,2024,10,7,0,0,0,0,0,0,1,0,0,1,0,0
207.33,20,165.86,2024,8,10,5,1,0,0,0,1,0,0,0,0,0,0
144.46,15,122.79,2024,9,16,0,0,1,0,0,0,0,0,1,0,0,0
171.96,20,137.57,2024,4,7,6,1,0,0,0,0,1,0,0,0,0,0
353.92,20,283.14,2024,3,29,4,0,0,0,0,0,0,0,0,0,0,0
154.46,5,146.74,2024,7,28,6,1,0,0,0,1,0,0,0,0,1,0
142.25,15,120.91,2024,4,14,6,1,0,1,0,0,0,0,0,0,0,1
210.7,10,189.63,2024,7,8,0,0,1,0,0,0,0,0,0,0,0,1
195.24,5,185.48,2024,9,3,1,0,0,0,1,0,0,0,1,0,0,0
407.25,10,366.53,2024,7,28,6,1,0,0,0,1,0,0,0,0,0,0
42.18,30,29.53,2024,3,15,4,0,0,0,0,0,1,0,0,1,0,0
318.69,25,239.02,2024,3,21,3,0,0,0,0,1,0,0,0,0,0,0
115.36,5,109.59,2024,4,21,6,1,1,0,0,0,0,0,0,0,0,1
119.38,10,107.44,2024,6,20,3,0,1,0,0,0,0,0,0,0,0,1
104.9,5,99.66,2024,9,27,4,0,0,0,0,1,0,0,0,0,0,0
327.53,0,327.53,2024,2,19,0,0,0,1,0,0,0,0,0,0,0,1
370.14,30,259.1,2024,10,11,4,0,1,0,0,0,0,0,0,1,0,0
395.74,20,316.59,2024,2,1,3,0,0,0,0,1,0,0,0,0,0,1
124.53,30,87.17,2024,4,14,6,1,1,0,0,0,0,0,0,0,1,0
443.2,25,332.4,2024,6,12,2,0,0,0,0,1,0,0,1,0,0,0
109.76,20,87.81,2024,3,20,2,0,0,0,0,0,1,0,0,1,0,0
32.18,50,16.09,2024,3,28,3,0,0,0,1,0,0,0,0,0,0,0
106.65,30,74.66,2024,9,10,1,0,0,0,0,0,0,0,0,0,0,1
201.72,10,181.55,2024,6,17,0,0,0,1,0,0,0,0,0,1,0,0
45.3,5,43.03,2024,10,1,1,0,0,0,0,0,1,0,1,0,0,0
350.77,5,333.23,2024,10,13,6,1,0,0,0,0,0,0,0,0,0,1
241.86,5,229.77,2024,11,21,3,0,0,0,0,0,0,1,1,0,0,0
187.93,20,150.34,2024,4,4,3,0,0,0,1,0,0,0,1,0,0,0
193.42,10,174.08,2024,7,7,6,1,0,0,0,0,0,0,0,0,1,0
440.43,5,418.41,2024,7,10,2,0,0,0,0,1,0,0,0,0,0,1
411.73,5,391.14,2024,9,26,3,0,0,0,0,0,1,0,1,0,0,0
369.78,10,332.8,2024,8,15,3,0,0,0,0,0,0,0,0,0,0,1
168.76,20,135.01,2024,9,24,1,0,0,0,1,0,0,0,0,0,0,1
391.64,25,293.73,2024,11,18,0,0,0,0,0,1,0,0,0,1,0,0
59.97,0,59.97,2024,3,29,4,0,1,0,0,0,0,0,1,0,0,0
418.67,50,209.34,2024,3,23,5,1,1,0,0,0,0,0,0,0,0,0
245.49,20,196.39,2024,8,11,6,1,0,0,0,1,0,0,0,0,0,1
387.5,30,271.25,2024,7,11,3,0,0,0,0,0,1,0,0,0,0,1
52.6,0,52.6,2024,6,8,5,1,0,0,0,1,0,0,1,0,0,0
368.93,50,184.47,2024,11,7,3,0,0,0,1,0,0,0,0,0,1,0
141.33,0,141.33,2024,9,27,4,0,0,0,0,0,0,1,1,0,0,0
359.08,10,323.17,2024,2,20,1,0,0,0,0,1,0,0,1,0,0,0
400.48,5,380.46,2024,2,17,5,1,0,0,0,0,1,0,0,0,1,0
494.06,10,444.65,2024,10,29,1,0,1,0,0,0,0,0,1,0,0,0
179.54,10,161.59,2024,10,5,5,1,1,0,0,0,0,0,1,0,0,0
39.49,0,39.49,2024,1,14,6,1,0,0,0,0,0,0,0,0,0,1
214.98,10,193.48,2024,2,4,6,1,0,0,0,1,0,0,1,0,0,0
155.36,10,139.82,2024,6,27,3,0,0,0,0,0,1,0,1,0,0,0
195.38,15,166.07,2024,6,19,2,0,0,0,0,0,0,0,0,0,0,0
392.7,25,294.52,2024,4,21,6,1,0,1,0,0,0,0,0,0,0,1
403.71,50,201.85,2024,5,30,3,0,0,0,0,0,1,0,0,0,0,1
256.66,10,230.99,2024,7,1,0,0,1,0,0,0,0,0,1,0,0,0
323.13,30,226.19,2024,3,23,5,1,0,0,0,0,0,0,0,0,0,0
122.36,0,122.36,2024,6,5,2,0,0,0,0,0,1,0,0,0,1,0
386.53,10,347.88,2024,5,18,5,1,1,0,0,0,0,0,0,0,0,1
214.85,25,161.14,2024,3,12,1,0,0,0,0,0,0,1,1,0,0,0
242.71,50,121.36,2024,3,30,5,1,0,0,0,1,0,0,0,0,0,1
456.79,15,388.27,2024,7,11,3,0,0,0,1,0,0,0,1,0,0,0
251.69,50,125.84,2024,1,4,3,0,0,0,1,0,0,0,0,0,0,0
428.42,30,299.89,2024,4,16,1,0,0,0,0,0,1,0,0,0,0,0
126.93,5,120.58,2024,9,13,4,0,0,0,0,0,0,0,0,0,0,0
294.78,10,265.3,2024,5,22,2,0,0,1,0,0,0,0,0,0,1,0
250.19,20,200.15,2024,4,14,6,1,0,0,1,0,0,0,0,1,0,0
167.6,25,125.7,2024,7,24,2,0,0,0,0,1,0,0,0,1,0,0
166.34,5,158.02,2024,3,22,4,0,0,0,1,0,0,0,1,0,0,0
429.9,25,322.42,2024,8,6,1,0,0,0,1,0,0,0,0,0,0,0
229.85,5,218.36,2024,7,24,2,0,0,1,0,0,0,0,1,0,0,0
333.75,5,317.06,2024,2,27,1,0,0,1,0,0,0,0,0,0,0,1
265.32,20,212.26,2024,4,10,2,0,1,0,0,0,0,0,1,0,0,0
238.8,10,214.92,2024,5,17,4,0,0,0,0,0,0,0,0,1,0,0
33.67,20,26.94,2024,4,30,1,0,0,0,0,0,1,0,0,0,1,0
336.04,20,268.83,2024,11,11,0,0,0,0,0,0,0,0,0,0,1,0
463.83,10,417.45,2024,8,19,0,0,1,0,0,0,0,0,0,0,0,0
44.04,15,37.43,2024,8,29,3,0,0,0,0,0,0,1,0,0,1,0
180.46,15,153.39,2024,9,22,6,1,0,0,0,0,0,0,0,0,1,0
219.22,30,153.45,2024,1,26,4,0,0,0,0,0,0,1,1,0,0,0
17.62,30,12.33,2024,7,3,2,0,0,0,0,0,0,0,1,0,0,0
434.24,10,390.82,2024,2,25,6,1,0,0,0,1,0,0,0,0,0,0
362.88,25,272.16,2024,7,3,2,0,0,0,0,0,0,0,0,0,1,0
150.84,15,128.21,2024,9,13,4,0,0,0,0,0,0,0,0,0,0,1
16.81,25,12.61,2024,11,5,1,0,0,0,0,0,1,0,1,0,0,0
415.93,30,291.15,2024,7,18,3,0,0,0,0,0,1,0,1,0,0,0
11.62,15,9.88,2024,5,11,5,1,0,1,0,0,0,0,0,1,0,0
379.55,15,322.62,2024,2,17,5,1,0,1,0,0,0,0,1,0,0,0
36.7,30,25.69,2024,1,5,4,0,0,0,0,0,1,0,0,0,1,0
187.71,10,168.94,2024,7,12,4,0,0,0,0,0,1,0,0,0,0,0
247.95,15,210.76,2024,5,10,4,0,0,0,1,0,0,0,0,0,0,0
93.82,5,89.13,2024,9,20,4,0,0,0,0,0,0,0,0,0,1,0
436.57,0,436.57,2024,7,25,3,0,1,0,0,0,0,0,0,0,0,1
251.55,5,238.97,2024,9,28,5,1,0,0,0,1,0,0,0,1,0,0
358.51,30,250.96,2024,7,26,4,0,0,1,0,0,0,0,1,0,0,0
277.08,5,263.23,2024,4,25,3,0,0,0,0,0,1,0,1,0,0,0
166.11,0,166.11,2024,8,29,3,0,0,1,0,0,0,0,0,0,0,0
375.69,20,300.55,2024,6,5,2,0,0,1,0,0,0,0,0,0,0,1
40.84,25,30.63,2024,1,17,2,0,0,0,0,0,0,1,1,0,0,0
284.31,30,199.02,2024,4,13,5,1,0,0,0,0,0,0,0,0,0,1
382.26,25,286.69,2024,1,4,3,0,0,0,0,1,0,0,0,1,0,0
432.35,15,367.5,2024,3,22,4,0,0,1,0,0,0,0,0,0,0,0
375.08,20,300.06,2024,9,24,1,0,0,0,0,0,0,1,0,0,1,0
96.29,30,67.4,2024,8,24,5,1,0,0,0,0,0,1,0,0,1,0
18.83,20,15.06,2024,2,21,2,0,0,0,0,0,0,0,0,0,1,0
209.81,0,209.81,2024,7,26,4,0,0,0,0,0,1,0,0,0,0,1
462.62,30,323.83,2024,7,9,1,0,0,0,0,0,0,0,0,1,0,0
75.39,15,64.08,2024,9,16,0,0,1,0,0,0,0,0,0,0,1,0
42.08,25,31.56,2024,3,9,5,1,0,0,1,0,0,0,0,0,0,0
301.63,0,301.63,2024,8,15,3,0,0,0,0,0,0,1,0,0,0,1
111.69,0,111.69,2024,1,18,3,0,0,0,0,1,0,0,0,0,1,0
67.93,20,54.34,2024,2,19,0,0,0,1,0,0,0,0,0,1,0,0
304.77,20,243.82,2024,5,15,2,0,0,0,0,0,1,0,1,0,0,0
414.17,10,372.75,2024,7,26,4,0,1,0,0,0,0,0,0,0,0,1
229.31,0,229.31,2024,1,9,1,0,0,0,0,0,0,1,0,0,1,0
203.87,5,193.68,2024,6,4,1,0,0,0,0,1,0,0,0,0,0,1
341.35,30,238.94,2024,9,10,1,0,0,0,0,0,0,1,0,1,0,0
46.58,20,37.26,2024,8,29,3,0,1,0,0,0,0,0,0,1,0,0
495.47,5,470.7,2024,2,21,2,0,0,0,0,1,0,0,0,0,0,0
170.19,50,85.09,2024,8,15,3,0,0,0,0,1,0,0,0,0,1,0
496.58,25,372.44,2024,4,29,0,0,1,0,0,0,0,0,0,1,0,0
265.4,50,132.7,2024,1,7,6,1,0,0,1,0,0,0,1,0,0,0
182.3,15,154.96,2024,7,16,1,0,0,0,1,0,0,0,1,0,0,0
331.23,5,314.67,2024,5,14,1,0,0,0,1,0,0,0,1,0,0,0
368.61,5,350.18,2024,10,19,5,1,0,0,0,0,1,0,0,1,0,0
77.58,10,69.82,2024,5,24,4,0,0,0,0,0,0,0,0,1,0,0
225.18,30,157.63,2024,5,7,1,0,1,0,0,0,0,0,0,0,0,1
26.84,10,24.16,2024,2,11,6,1,0,1,0,0,0,0,1,0,0,0
145.56,0,145.56,2024,3,14,3,0,0,0,0,0,0,1,0,1,0,0
71.21,20,56.97,2024,4,16,1,0,0,0,0,0,0,0,0,0,0,0
282.16,5,268.05,2024,10,25,4,0,0,1,0,0,0,0,0,0,1,0
312.0,15,265.2,2024,11,17,6,1,1,0,0,0,0,0,0,1,0,0
210.34,0,210.34,2024,7,18,3,0,0,0,1,0,0,0,0,1,0,0
53.33,15,45.33,2024,6,1,5,1,0,1,0,0,0,0,0,0,0,0
459.92,20,367.94,2024,4,21,6,1,1,0,0,0,0,0,0,0,1,0
121.91,5,115.81,2024,4,8,0,0,1,0,0,0,0,0,0,0,0,0
454.48,0,454.48,2024,4,7,6,1,0,0,0,0,0,0,0,0,0,0
365.46,20,292.37,2024,4,21,6,1,0,0,1,0,0,0,0,0,0,0
285.77,15,242.9,2024,4,16,1,0,1,0,0,0,0,0,1,0,0,0
382.19,0,382.19,2024,6,29,5,1,1,0,0,0,0,0,1,0,0,0
470.63,30,329.44,2024,4,7,6,1,0,0,0,0,1,0,0,0,0,1
14.21,30,9.95,2024,10,2,2,0,0,0,0,0,0,1,1,0,0,0
116.25,0,116.25,2024,1,27,5,1,0,0,0,0,0,0,0,1,0,0
464.22,20,371.38,2024,3,5,1,0,1,0,0,0,0,0,0,0,0,0
110.66,0,110.66,2024,9,11,2,0,0,1,0,0,0,0,0,1,0,0
405.44,15,344.62,2024,3,14,3,0,0,1,0,0,0,0,0,0,0,1
387.72,20,310.18,2024,9,23,0,0,1,0,0,0,0,0,1,0,0,0
494.64,15,420.44,2024,4,23,1,0,0,0,0,0,1,0,0,1,0,0
15.47,10,13.92,2024,7,19,4,0,0,1,0,0,0,0,0,0,0,1
246.59,0,246.59,2024,11,1,4,0,0,1,0,0,0,0,0,0,0,1
27.64,50,13.82,2024,11,21,3,0,0,0,1,0,0,0,0,0,0,0
464.83,50,232.41,2024,4,9,1,0,0,0,0,0,0,0,0,0,1,0
111.4,25,83.55,2024,4,10,2,0,0,0,0,0,0,0,1,0,0,0
401.32,50,200.66,2024,4,18,3,0,0,1,0,0,0,0,0,0,1,0
58.57,5,55.64,2024,10,26,5,1,0,0,0,0,0,0,0,1,0,0
51.66,30,36.16,2024,1,5,4,0,0,1,0,0,0,0,0,1,0,0
74.45,15,63.28,2024,9,25,2,0,0,0,0,0,0,1,1,0,0,0
452.7,30,316.89,2024,10,8,1,0,0,0,0,0,0,0,0,0,0,1
89.64,30,62.75,2024,6,15,5,1,0,0,1,0,0,0,0,1,0,0
403.11,20,322.49,2024,10,14,0,0,1,0,0,0,0,0,0,1,0,0
265.96,10,239.36,2024,6,12,2,0,0,0,0,0,0,1,1,0,0,0
286.82,30,200.77,2024,1,17,2,0,0,0,0,1,0,0,0,0,0,0
411.18,5,390.62,2024,2,11,6,1,0,0,0,0,0,0,0,0,0,0
151.15,50,75.58,2024,10,9,2,0,0,0,0,0,0,1,0,1,0,0
15.79,15,13.42,2024,4,4,3,0,1,0,0,0,0,0,0,0,0,0
25.72,20,20.58,2024,6,4,1,0,1,0,0,0,0,0,0,0,0,1
308.0,25,231.0,2024,1,20,5,1,0,0,0,0,1,0,0,0,0,0
28.03,20,22.42,2024,10,7,0,0,0,0,0,1,0,0,1,0,0,0
253.16,50,126.58,2024,2,21,2,0,0,0,0,0,0,1,0,0,0,1
178.63,30,125.04,2024,6,2,6,1,0,1,0,0,0,0,1,0,0,0
466.27,20,373.02,2024,10,27,6,1,1,0,0,0,0,0,1,0,0,0
66.61,0,66.61,2024,4,27,5,1,0,0,0,0,0,0,0,0,0,0
96.54,25,72.41,2024,10,6,6,1,0,0,0,0,0,0,0,0,0,1
93.17,0,93.17,2024,1,29,0,0,1,0,0,0,0,0,0,0,0,0
177.14,25,132.85,2024,4,27,5,1,0,0,0,0,0,1,0,0,1,0
178.71,30,125.1,2024,10,18,4,0,0,0,0,0,0,0,0,0,0,1
49.67,30,34.77,2024,6,30,6,1,0,0,0,0,1,0,1,0,0,0
377.17,20,301.74,2024,3,28,3,0,0,0,0,0,1,0,0,0,1,0
467.12,0,467.12,2024,5,24,4,0,0,0,0,0,0,1,0,0,0,1
50.13,10,45.12,2024,8,24,5,1,0,0,1,0,0,0,0,0,0,0
84.5,10,76.05,2024,10,3,3,0,0,0,1,0,0,0,0,0,0,0
335.21,15,284.93,2024,1,2,1,0,0,0,0,1,0,0,0,0,1,0
496.92,15,422.38,2024,3,26,1,0,0,0,0,0,0,0,0,0,0,0
188.19,50,94.09,2024,4,8,0,0,0,1,0,0,0,0,0,0,0,1
260.92,5,247.87,2024,9,23,0,0,0,1,0,0,0,0,0,0,1,0
75.9,30,53.13,2024,11,12,1,0,0,0,1,0,0,0,0,0,1,0
146.25,10,131.62,2024,9,22,6,1,0,1,0,0,0,0,0,0,0,0
44.04,15,37.43,2024,3,14,3,0,1,0,0,0,0,0,0,1,0,0
226.03,20,180.82,2024,3,23,5,1,0,1,0,0,0,0,0,0,1,0
210.43,15,178.87,2024,7,26,4,0,0,1,0,0,0,0,0,0,1,0
161.16,30,112.81,2024,8,19,0,0,0,0,0,0,0,0,0,0,0,0
159.01,30,111.31,2024,2,20,1,0,0,1,0,0,0,0,0,1,0,0
92.91,15,78.97,2024,11,11,0,0,0,0,0,0,0,0,0,0,0,1
158.0,10,142.2,2024,6,6,3,0,0,0,0,0,0,1,0,1,0,0
137.33,10,123.6,2024,9,9,0,0,0,0,1,0,0,0,0,1,0,0
176.73,30,123.71,2024,3,16,5,1,0,0,0,0,0,1,0,0,1,0
64.49,50,32.24,2024,8,7,2,0,0,0,0,0,1,0,0,0,1,0
25.9,10,23.31,2024,3,21,3,0,1,0,0,0,0,0,0,0,1,0
452.56,20,362.05,2024,5,8,2,0,1,0,0,0,0,0,0,0,0,1
178.67,20,142.94,2024,7,28,6,1,0,0,1,0,0,0,0,0,0,0
326.79,15,277.77,2024,9,30,0,0,0,0,0,1,0,0,0,0,0,0
317.61,0,317.61,2024,6,30,6,1,0,0,0,0,0,1,0,1,0,0
210.72,25,158.04,2024,9,29,6,1,0,0,0,1,0,0,0,0,0,1
301.53,5,286.45,2024,7,11,3,0,1,0,0,0,0,0,0,0,0,0
338.28,10,304.45,2024,2,9,4,0,0,0,0,1,0,0,0,1,0,0
212.78,15,180.86,2024,5,3,4,0,1,0,0,0,0,0,0,0,1,0
147.17,0,147.17,2024,9,5,3,0,0,0,0,1,0,0,0,0,0,1
320.44,0,320.44,2024,3,31,6,1,0,1,0,0,0,0,1,0,0,0
395.32,50,197.66,2024,5,31,4,0,0,0,0,0,1,0,0,1,0,0
436.56,0,436.56,2024,9,23,0,0,0,0,0,0,0,1,0,0,0,1
61.32,25,45.99,2024,9,4,2,0,0,1,0,0,0,0,0,0,0,0
359.22,25,269.42,2024,5,18,5,1,0,0,0,0,0,1,0,1,0,0
309.67,25,232.25,2024,9,13,4,0,0,0,0,0,0,1,0,0,0,0
309.54,15,263.11,2024,1,9,1,0,0,0,1,0,0,0,1,0,0,0
315.8,0,315.8,2024,3,25,0,0,0,0,0,0,1,0,0,1,0,0
425.9,5,404.6,2024,1,24,2,0,0,0,0,0,0,1,1,0,0,0
399.41,20,319.53,2024,11,12,1,0,0,1,0,0,0,0,0,0,0,1
177.58,20,142.06,2024,4,28,6,1,0,0,0,0,0,1,0,1,0,0
207.02,30,144.91,2024,2,15,3,0,0,0,1,0,0,0,0,0,0,1
324.36,15,275.71,2024,6,6,3,0,0,1,0,0,0,0,1,0,0,0
168.18,0,168.18,2024,3,4,0,0,1,0,0,0,0,0,0,0,0,1
396.76,50,198.38,2024,10,6,6,1,0,0,0,0,1,0,0,0,1,0
74.67,30,52.27,2024,2,29,3,0,1,0,0,0,0,0,1,0,0,0
268.63,15,228.34,2024,3,31,6,1,0,0,0,0,0,0,0,0,0,1
105.99,15,90.09,2024,1,11,3,0,1,0,0,0,0,0,1,0,0,0
213.68,15,181.63,2024,3,31,6,1,1,0,0,0,0,0,0,0,0,1
148.44,10,133.6,2024,2,10,5,1,0,0,0,0,0,0,0,0,1,0
140.68,10,126.61,2024,3,25,0,0,0,0,0,0,0,1,0,1,0,0
393.82,50,196.91,2024,8,10,5,1,0,0,0,0,0,1,0,0,0,0
155.42,20,124.34,2024,1,28,6,1,0,0,0,0,0,1,1,0,0,0
267.16,20,213.73,2024,5,29,2,0,0,0,0,1,0,0,0,1,0,0
340.21,5,323.2,2024,6,9,6,1,0,0,0,0,0,1,0,0,0,1
336.44,25,252.33,2024,1,7,6,1,0,1,0,0,0,0,0,0,1,0
283.36,50,141.68,2024,5,14,1,0,0,0,1,0,0,0,0,0,0,0
472.32,0,472.32,2024,9,16,0,0,0,1,0,0,0,0,0,1,0,0
101.57,20,81.26,2024,6,1,5,1,0,0,0,1,0,0,0,1,0,0
395.72,20,316.58,2024,9,20,4,0,0,0,1,0,0,0,0,0,0,0
221.5,50,110.75,2024,4,18,3,0,0,0,1,0,0,0,0,1,0,0
320.78,15,272.66,2024,11,10,6,1,0,0,1,0,0,0,1,0,0,0
315.5,15,268.18,2024,6,1,5,1,0,0,1,0,0,0,0,0,0,0
27.26,30,19.08,2024,8,12,0,0,0,0,0,0,0,0,0,1,0,0
409.56,10,368.6,2024,4,16,1,0,0,0,0,0,0,1,1,0,0,0
194.33,20,155.46,2024,7,14,6,1,0,0,0,0,0,1,0,0,0,0
281.87,50,140.94,2024,10,14,0,0,0,0,0,1,0,0,0,0,0,1
63.89,5,60.7,2024,6,29,5,1,0,0,0,0,1,0,0,0,0,0
409.61,10,368.65,2024,2,13,1,0,1,0,0,0,0,0,0,0,0,1
222.24,25,166.68,2024,10,29,1,0,0,1,0,0,0,0,0,1,0,0
167.97,50,83.98,2024,9,22,6,1,0,0,1,0,0,0,0,0,0,1
101.38,20,81.1,2024,10,1,1,0,0,0,1,0,0,0,0,1,0,0
299.63,15,254.69,2024,9,23,0,0,0,0,0,0,0,0,0,0,0,1
373.78,25,280.33,2024,11,19,1,0,0,0,0,0,0,1,0,0,0,1
243.74,15,207.18,2024,11,15,4,0,0,0,0,0,1,0,0,0,0,1
133.2,20,106.56,2024,3,28,3,0,0,0,0,1,0,0,0,0,0,1
68.94,30,48.26,2024,4,9,1,0,0,0,1,0,0,0,0,0,1,0
275.43,50,137.72,2024,4,18,3,0,0,0,1,0,0,0,0,0,0,0
197.83,25,148.37,2024,8,8,3,0,0,0,0,0,0,1,0,0,1,0
215.89,50,107.94,2024,7,15,0,0,0,0,1,0,0,0,0,0,1,0
83.57,5,79.39,2024,5,26,6,1,0,0,0,0,0,0,0,0,0,1
393.77,5,374.08,2024,10,15,1,0,1,0,0,0,0,0,0,1,0,0
262.88,10,236.59,2024,8,7,2,0,0,0,0,0,0,1,0,0,1,0
373.87,50,186.94,2024,10,5,5,1,0,0,0,0,0,0,0,0,0,1
96.15,25,72.11,2024,1,27,5,1,0,0,0,0,0,0,0,0,0,1
298.68,30,209.08,2024,8,4,6,1,0,0,0,1,0,0,0,0,0,1
290.9,15,247.26,2024,10,25,4,0,1,0,0,0,0,0,0,0,0,0
316.29,30,221.4,2024,7,31,2,0,0,0,1,0,0,0,0,0,1,0
69.38,15,58.97,2024,7,8,0,0,0,0,0,0,0,1,1,0,0,0
241.05,15,204.89,2024,5,24,4,0,0,0,0,0,0,0,0,0,0,0
206.34,20,165.07,2024,6,9,6,1,0,0,0,1,0,0,0,0,1,0
457.39,50,228.69,2024,5,30,3,0,1,0,0,0,0,0,1,0,0,0
71.82,0,71.82,2024,11,8,4,0,1,0,0,0,0,0,0,0,1,0
431.57,25,323.68,2024,5,28,1,0,0,0,0,0,0,0,1,0,0,0
304.06,5,288.86,2024,11,4,0,0,0,0,0,0,0,0,0,0,0,1
302.93,5,287.78,2024,1,15,0,0,0,0,0,0,0,0,0,0,0,1
31.24,5,29.68,2024,1,25,3,0,1,0,0,0,0,0,0,0,0,0
439.88,5,417.89,2024,4,8,0,0,0,0,0,0,1,0,1,0,0,0
397.79,25,298.34,2024,2,15,3,0,0,0,0,0,0,1,0,0,0,0
302.86,0,302.86,2024,8,21,2,0,1,0,0,0,0,0,0,0,1,0
286.82,25,215.12,2024,6,26,2,0,0,0,1,0,0,0,0,0,1,0
209.91,50,104.95,2024,8,18,6,1,0,1,0,0,0,0,0,0,0,0
406.97,15,345.92,2024,11,2,5,1,0,0,0,0,0,0,0,0,0,0
95.24,15,80.95,2024,5,27,0,0,0,0,0,1,0,0,0,0,1,0
313.68,25,235.26,2024,2,28,2,0,0,0,1,0,0,0,1,0,0,0
328.54,15,279.26,2024,8,23,4,0,0,0,1,0,0,0,0,0,0,1
390.78,25,293.08,2024,8,9,4,0,0,1,0,0,0,0,0,0,0,0
432.01,5,410.41,2024,5,20,0,0,0,0,0,0,1,0,0,1,0,0
101.33,15,86.13,2024,4,19,4,0,0,0,1,0,0,0,1,0,0,0
97.09,30,67.96,2024,10,30,2,0,0,0,0,0,1,0,1,0,0,0
428.23,20,342.58,2024,4,21,6,1,1,0,0,0,0,0,0,0,0,1
249.79,20,199.83,2024,10,12,5,1,0,0,0,0,0,0,0,0,0,1
125.28,0,125.28,2024,6,26,2,0,1,0,0,0,0,0,0,0,0,0
27.12,5,25.76,2024,10,13,6,1,0,0,0,0,0,1,0,0,0,0
484.56,0,484.56,2024,10,21,0,0,0,0,0,0,1,0,0,0,0,1
68.45,30,47.91,2024,11,13,2,0,0,0,0,1,0,0,0,0,1,0
108.02,10,97.22,2024,10,14,0,0,0,0,0,0,1,0,0,0,0,1
287.25,20,229.8,2024,2,9,4,0,0,0,0,1,0,0,0,1,0,0
198.26,0,198.26,2024,9,26,3,0,0,0,0,0,0,0,0,0,1,0
218.12,5,207.21,2024,1,30,1,0,0,1,0,0,0,0,1,0,0,0
401.08,5,381.03,2024,2,5,0,0,0,0,0,0,0,1,0,0,0,0
247.48,50,123.74,2024,5,20,0,0,1,0,0,0,0,0,0,0,0,1
78.14,0,78.14,2024,9,2,0,0,0,1,0,0,0,0,0,0,0,1
169.79,5,161.3,2024,10,25,4,0,1,0,0,0,0,0,0,0,0,1
438.09,20,350.47,2024,1,7,6,1,0,1,0,0,0,0,0,0,0,0
265.65,25,199.24,2024,9,30,0,0,0,0,1,0,0,0,0,0,0,1
39.87,15,33.89,2024,10,4,4,0,0,0,0,1,0,0,0,1,0,0
406.9,20,325.52,2024,8,7,2,0,0,0,1,0,0,0,1,0,0,0
218.68,20,174.94,2024,9,18,2,0,0,0,0,1,0,0,0,0,0,1
216.55,20,173.24,2024,3,24,6,1,0,0,0,1,0,0,1,0,0,0
282.62,0,282.62,2024,3,2,5,1,0,0,0,0,1,0,1,0,0,0
493.54,20,394.83,2024,7,4,3,0,1,0,0,0,0,0,0,0,0,1
48.56,0,48.56,2024,10,20,6,1,0,1,0,0,0,0,1,0,0,0
185.29,0,185.29,2024,9,27,4,0,0,0,0,0,1,0,1,0,0,0
310.41,15,263.85,2024,11,17,6,1,0,0,0,0,1,0,0,0,0,0
381.75,50,190.88,2024,8,5,0,0,0,0,0,0,0,0,0,0,1,0
202.43,20,161.94,2024,9,5,3,0,0,0,0,0,0,0,0,0,0,0
235.21,10,211.69,2024,2,24,5,1,0,1,0,0,0,0,0,1,0,0
371.67,0,371.67,2024,9,5,3,0,1,0,0,0,0,0,1,0,0,0
393.1,0,393.1,2024,7,5,4,0,0,0,0,0,0,1,0,0,0,0
146.55,20,117.24,2024,8,13,1,0,0,0,0,0,0,0,0,1,0,0
193.43,15,164.42,2024,11,21,3,0,0,0,1,0,0,0,0,0,0,0
259.28,5,246.32,2024,3,11,0,0,0,0,0,0,1,0,0,0,1,0
217.51,30,152.26,2024,3,14,3,0,0,1,0,0,0,0,0,0,0,0
412.49,50,206.25,2024,9,8,6,1,1,0,0,0,0,0,0,0,1,0
392.74,5,373.1,2024,1,26,4,0,0,1,0,0,0,0,0,0,0,0
135.71,50,67.86,2024,7,8,0,0,0,0,0,0,1,0,0,1,0,0
487.62,25,365.72,2024,6,28,4,0,0,0,0,0,0,1,1,0,0,0
370.72,10,333.65,2024,1,31,2,0,0,0,0,0,0,0,0,0,0,0
98.73,5,93.79,2024,11,15,4,0,0,0,0,0,0,0,1,0,0,0
79.42,50,39.71,2024,6,11,1,0,0,0,0,1,0,0,1,0,0,0
248.01,50,124.0,2024,2,3,5,1,0,0,0,1,0,0,0,0,0,0
339.17,30,237.42,2024,6,11,1,0,0,0,1,0,0,0,0,0,0,1
419.32,0,419.32,2024,6,14,4,0,1,0,0,0,0,0,0,1,0,0
323.53,15,275.0,2024,5,4,5,1,1,0,0,0,0,0,0,1,0,0
230.0,25,172.5,2024,4,4,3,0,0,0,0,0,0,1,1,0,0,0
218.44,25,163.83,2024,3,19,1,0,1,0,0,0,0,0,0,0,0,1
431.85,15,367.07,2024,8,14,2,0,1,0,0,0,0,0,0,0,1,0
334.79,25,251.09,2024,3,2,5,1,1,0,0,0,0,0,0,0,0,1
486.79,0,486.79,2024,5,14,1,0,0,0,0,0,0,0,0,0,0,1
212.87,15,180.94,2024,11,19,1,0,0,0,0,0,0,1,0,0,0,0
389.76,0,389.76,2024,8,7,2,0,0,0,0,1,0,0,0,0,1,0
447.66,30,313.36,2024,5,21,1,0,0,0,1,0,0,0,0,0,0,1
235.77,30,165.04,2024,4,14,6,1,0,0,0,1,0,0,0,0,0,1
